contract,mkr,date
0xb335e8b70f95f28e79acf58491751f83b0050888,20009.8368,2024-05-31
0xa346c2eea05bb32c986ff755b2f19d2f0ba8d14c,18600.0,2024-05-31
0xb18680092734394295d0591bb42f2bd3c184517e,12317.9791,2024-05-31
0x7938b304f1c28e85b6a021251c8ceeff20370f38,12038.694,2024-05-31
0x5fac03e07447c1a3f4ad9a5f778f23c9e1fc4255,9000.0,2024-05-31
0xfe61acc408b63a5a03507a224398fa1fe8143f28,8057.4665,2024-05-31
0xde08aef2b221274231b3547491ec8f0fc80917e1,8050.005,2024-05-31
0x445cb6c63c502fdbebd1b273f6aea1aad691e0aa,8001.5476,2024-05-31
0x69b576a7e193a15a570ee5bb2149deb3f03537a2,8000.5285,2024-05-31
0x911682cb21d7e5bdc75544fb1fcf0fb8e9635acf,2778.0,2024-05-31
0xeb1764cc9577c52f430794e9044f64f1c49dd395,900.3696,2024-05-31
0xc9c17ee58810172622b43b09c9c9ff31e50f5179,500.0,2024-05-31
0x452a7626f587d6811509dc071768168ea763ea3c,103.0,2024-05-31
0x51f3067cb6a1185d1e8316332921d9501fc4c006,100.5,2024-05-31
0xfbec297af3f4925966ab295a0771c420a9e85e08,20.7762,2024-05-31
0xc1a1bdb7d60b7cb3920787a15a2b583786c52fb6,1.3981,2024-05-31
0x58dc40b5f9f0758ee43b0a208fe362c90fdfad4d,1.0031,2024-05-31
0x45c52826efa13a6de713528bf42b520c9fa50081,0.7084,2024-05-31
0x5b0a4932dc9e253f9b15fd69f07b68e9874ea794,0.5262,2024-05-31
0xab3fd902e4dad36c6b31e3954a8de14dd829533c,0.5153,2024-05-31
0x8ea48c2264f1e5998c3ab3df3037903f8fae0caa,0.5,2024-05-31
0x644c092a5ccafc425ebf133123299a6397ae97d9,0.5,2024-05-31
0x5b4870014313c808c374f8ed1ab5b78813eb9c7f,0.5,2024-05-31
0x3200c191cc245b3e2de3fd3b3087104f3f313f57,0.5,2024-05-31
0xb086ec4303dc1514c09618c6c68ee444d6eee041,0.2,2024-05-31
0x204a2b6ab6a675d1f82634f92799ced2bdd641a2,0.0506,2024-05-31
0x952dc79bcee652aad8cc9268d9c614fa166d0c1d,0.0111,2024-05-31
0xc739914c461e0a58c460d5cacb764e7eb95b27fc,0.0003,2024-05-31
0xdbb451bfd4e6e461caa2c8bf0dc83346a211c29c,0.0,2024-05-31
0xd277aa6c915955a93ca5711bc9c92233042de7a7,0.0,2024-05-31
0xc241a035bc98128ac3983812a67dfc52ddeae09a,0.0,2024-05-31
0xc0e23144db36101453ba5c426445ca5bf20f6b71,0.0,2024-05-31
0xb6ca415fc42b3f96641d14280c3f3a0f078e50e5,0.0,2024-05-31
0xa2c669dc868be0a2a8d6c0ad715e17f45035ba76,0.0,2024-05-31
0x62060879dfbb6def3b73cfc48f1f0595c0fed505,0.0,2024-05-31
0x4d8c9c2cd8846533967b07becfc437542196ad6a,0.0,2024-05-31
0x47ecd8e9f8f299ce47e3ab891a874707d70a3af9,0.0,2024-05-31
0x475efac48a0a18660a7a26ee6bd5febf466930f8,0.0,2024-05-31
0x36124cee63ae786eea41bda0fb61b1b946e4c08c,0.0,2024-05-31
0x2070cd766ba0d258081c0d3d027461dd3f6d2fa3,0.0,2024-05-31
0x1dd6c65e6e22f196d5c2209f439d1f07d02ba7a4,0.0,2024-05-31
0x1d71861f54aa6e63add5acfc70e0e4ba9fd9f259,0.0,2024-05-31
0x117b58cc89156b48c302aaa4832a19c1c1aa124c,0.0,2024-05-31
0xb335e8b70f95f28e79acf58491751f83b0050888,20009.8368,2024-05-30
0xa346c2eea05bb32c986ff755b2f19d2f0ba8d14c,18600.0,2024-05-30
0xb18680092734394295d0591bb42f2bd3c184517e,12317.9791,2024-05-30
0x7938b304f1c28e85b6a021251c8ceeff20370f38,12038.694,2024-05-30
0x5fac03e07447c1a3f4ad9a5f778f23c9e1fc4255,9000.0,2024-05-30
0xfe61acc408b63a5a03507a224398fa1fe8143f28,8057.4665,2024-05-30
0xde08aef2b221274231b3547491ec8f0fc80917e1,8050.005,2024-05-30
0x445cb6c63c502fdbebd1b273f6aea1aad691e0aa,8001.5476,2024-05-30
0x69b576a7e193a15a570ee5bb2149deb3f03537a2,8000.5285,2024-05-30
0x911682cb21d7e5bdc75544fb1fcf0fb8e9635acf,2778.0,2024-05-30
0xeb1764cc9577c52f430794e9044f64f1c49dd395,900.3696,2024-05-30
0xc9c17ee58810172622b43b09c9c9ff31e50f5179,500.0,2024-05-30
0x452a7626f587d6811509dc071768168ea763ea3c,103.0,2024-05-30
0x51f3067cb6a1185d1e8316332921d9501fc4c006,100.5,2024-05-30
0xfbec297af3f4925966ab295a0771c420a9e85e08,20.7762,2024-05-30
0xc1a1bdb7d60b7cb3920787a15a2b583786c52fb6,1.3981,2024-05-30
0x58dc40b5f9f0758ee43b0a208fe362c90fdfad4d,1.0031,2024-05-30
0x45c52826efa13a6de713528bf42b520c9fa50081,0.7084,2024-05-30
0x5b0a4932dc9e253f9b15fd69f07b68e9874ea794,0.5262,2024-05-30
0xab3fd902e4dad36c6b31e3954a8de14dd829533c,0.5153,2024-05-30
0x8ea48c2264f1e5998c3ab3df3037903f8fae0caa,0.5,2024-05-30
0x644c092a5ccafc425ebf133123299a6397ae97d9,0.5,2024-05-30
0x5b4870014313c808c374f8ed1ab5b78813eb9c7f,0.5,2024-05-30
0x3200c191cc245b3e2de3fd3b3087104f3f313f57,0.5,2024-05-30
0xb086ec4303dc1514c09618c6c68ee444d6eee041,0.2,2024-05-30
0x204a2b6ab6a675d1f82634f92799ced2bdd641a2,0.0506,2024-05-30
0x952dc79bcee652aad8cc9268d9c614fa166d0c1d,0.0111,2024-05-30
0xc739914c461e0a58c460d5cacb764e7eb95b27fc,0.0003,2024-05-30
0xdbb451bfd4e6e461caa2c8bf0dc83346a211c29c,0.0,2024-05-30
0xd277aa6c915955a93ca5711bc9c92233042de7a7,0.0,2024-05-30
0xc241a035bc98128ac3983812a67dfc52ddeae09a,0.0,2024-05-30
0xc0e23144db36101453ba5c426445ca5bf20f6b71,0.0,2024-05-30
0xb6ca415fc42b3f96641d14280c3f3a0f078e50e5,0.0,2024-05-30
0xa2c669dc868be0a2a8d6c0ad715e17f45035ba76,0.0,2024-05-30
0x62060879dfbb6def3b73cfc48f1f0595c0fed505,0.0,2024-05-30
0x4d8c9c2cd8846533967b07becfc437542196ad6a,0.0,2024-05-30
0x47ecd8e9f8f299ce47e3ab891a874707d70a3af9,0.0,2024-05-30
0x475efac48a0a18660a7a26ee6bd5febf466930f8,0.0,2024-05-30
0x36124cee63ae786eea41bda0fb61b1b946e4c08c,0.0,2024-05-30
0x2070cd766ba0d258081c0d3d027461dd3f6d2fa3,0.0,2024-05-30
0x1dd6c65e6e22f196d5c2209f439d1f07d02ba7a4,0.0,2024-05-30
0x1d71861f54aa6e63add5acfc70e0e4ba9fd9f259,0.0,2024-05-30
0x117b58cc89156b48c302aaa4832a19c1c1aa124c,0.0,2024-05-30
0xb335e8b70f95f28e79acf58491751f83b0050888,20013.1178,2024-05-29
0xa346c2eea05bb32c986ff755b2f19d2f0ba8d14c,18600.0,2024-05-29
0xb18680092734394295d0591bb42f2bd3c184517e,12317.9791,2024-05-29
0x7938b304f1c28e85b6a021251c8ceeff20370f38,12038.694,2024-05-29
0x5fac03e07447c1a3f4ad9a5f778f23c9e1fc4255,9000.0,2024-05-29
0xfe61acc408b63a5a03507a224398fa1fe8143f28,8057.4665,2024-05-29
0xde08aef2b221274231b3547491ec8f0fc80917e1,8050.005,2024-05-29
0x445cb6c63c502fdbebd1b273f6aea1aad691e0aa,8001.5476,2024-05-29
0x69b576a7e193a15a570ee5bb2149deb3f03537a2,8000.5285,2024-05-29
0x911682cb21d7e5bdc75544fb1fcf0fb8e9635acf,2778.0,2024-05-29
0xeb1764cc9577c52f430794e9044f64f1c49dd395,900.3696,2024-05-29
0xc9c17ee58810172622b43b09c9c9ff31e50f5179,500.0,2024-05-29
0x51f3067cb6a1185d1e8316332921d9501fc4c006,100.5,2024-05-29
0xfbec297af3f4925966ab295a0771c420a9e85e08,20.7762,2024-05-29
0x452a7626f587d6811509dc071768168ea763ea3c,2.0,2024-05-29
0xc1a1bdb7d60b7cb3920787a15a2b583786c52fb6,1.3981,2024-05-29
0x58dc40b5f9f0758ee43b0a208fe362c90fdfad4d,1.0031,2024-05-29
0x45c52826efa13a6de713528bf42b520c9fa50081,0.7084,2024-05-29
0x5b0a4932dc9e253f9b15fd69f07b68e9874ea794,0.5262,2024-05-29
0xab3fd902e4dad36c6b31e3954a8de14dd829533c,0.5153,2024-05-29
0x8ea48c2264f1e5998c3ab3df3037903f8fae0caa,0.5,2024-05-29
0x644c092a5ccafc425ebf133123299a6397ae97d9,0.5,2024-05-29
0x5b4870014313c808c374f8ed1ab5b78813eb9c7f,0.5,2024-05-29
0x3200c191cc245b3e2de3fd3b3087104f3f313f57,0.5,2024-05-29
0xb086ec4303dc1514c09618c6c68ee444d6eee041,0.2,2024-05-29
0x204a2b6ab6a675d1f82634f92799ced2bdd641a2,0.0506,2024-05-29
0x952dc79bcee652aad8cc9268d9c614fa166d0c1d,0.0111,2024-05-29
0xc739914c461e0a58c460d5cacb764e7eb95b27fc,0.0003,2024-05-29
0xdbb451bfd4e6e461caa2c8bf0dc83346a211c29c,0.0,2024-05-29
0xd277aa6c915955a93ca5711bc9c92233042de7a7,0.0,2024-05-29
0xc241a035bc98128ac3983812a67dfc52ddeae09a,0.0,2024-05-29
0xc0e23144db36101453ba5c426445ca5bf20f6b71,0.0,2024-05-29
0xb6ca415fc42b3f96641d14280c3f3a0f078e50e5,0.0,2024-05-29
0xa2c669dc868be0a2a8d6c0ad715e17f45035ba76,0.0,2024-05-29
0x62060879dfbb6def3b73cfc48f1f0595c0fed505,0.0,2024-05-29
0x4d8c9c2cd8846533967b07becfc437542196ad6a,0.0,2024-05-29
0x47ecd8e9f8f299ce47e3ab891a874707d70a3af9,0.0,2024-05-29
0x475efac48a0a18660a7a26ee6bd5febf466930f8,0.0,2024-05-29
0x36124cee63ae786eea41bda0fb61b1b946e4c08c,0.0,2024-05-29
0x2070cd766ba0d258081c0d3d027461dd3f6d2fa3,0.0,2024-05-29
0x1dd6c65e6e22f196d5c2209f439d1f07d02ba7a4,0.0,2024-05-29
0x1d71861f54aa6e63add5acfc70e0e4ba9fd9f259,0.0,2024-05-29
0x117b58cc89156b48c302aaa4832a19c1c1aa124c,0.0,2024-05-29
0xb335e8b70f95f28e79acf58491751f83b0050888,20013.1178,2024-05-28
0xa346c2eea05bb32c986ff755b2f19d2f0ba8d14c,18600.0,2024-05-28
0xb18680092734394295d0591bb42f2bd3c184517e,12317.9791,2024-05-28
0x7938b304f1c28e85b6a021251c8ceeff20370f38,12038.694,2024-05-28
0x5fac03e07447c1a3f4ad9a5f778f23c9e1fc4255,9000.0,2024-05-28
0xfe61acc408b63a5a03507a224398fa1fe8143f28,8057.4665,2024-05-28
0xde08aef2b221274231b3547491ec8f0fc80917e1,8050.005,2024-05-28
0x445cb6c63c502fdbebd1b273f6aea1aad691e0aa,8001.5476,2024-05-28
0x69b576a7e193a15a570ee5bb2149deb3f03537a2,8000.5285,2024-05-28
0x911682cb21d7e5bdc75544fb1fcf0fb8e9635acf,2778.0,2024-05-28
0xeb1764cc9577c52f430794e9044f64f1c49dd395,900.3696,2024-05-28
0xc9c17ee58810172622b43b09c9c9ff31e50f5179,500.0,2024-05-28
0x51f3067cb6a1185d1e8316332921d9501fc4c006,100.5,2024-05-28
0xfbec297af3f4925966ab295a0771c420a9e85e08,20.7762,2024-05-28
0x452a7626f587d6811509dc071768168ea763ea3c,2.0,2024-05-28
0xc1a1bdb7d60b7cb3920787a15a2b583786c52fb6,1.3981,2024-05-28
0x58dc40b5f9f0758ee43b0a208fe362c90fdfad4d,1.0031,2024-05-28
0x45c52826efa13a6de713528bf42b520c9fa50081,0.7084,2024-05-28
0x5b0a4932dc9e253f9b15fd69f07b68e9874ea794,0.5262,2024-05-28
0xab3fd902e4dad36c6b31e3954a8de14dd829533c,0.5153,2024-05-28
0x8ea48c2264f1e5998c3ab3df3037903f8fae0caa,0.5,2024-05-28
0x644c092a5ccafc425ebf133123299a6397ae97d9,0.5,2024-05-28
0x5b4870014313c808c374f8ed1ab5b78813eb9c7f,0.5,2024-05-28
0x3200c191cc245b3e2de3fd3b3087104f3f313f57,0.5,2024-05-28
0xb086ec4303dc1514c09618c6c68ee444d6eee041,0.2,2024-05-28
0x204a2b6ab6a675d1f82634f92799ced2bdd641a2,0.0506,2024-05-28
0x952dc79bcee652aad8cc9268d9c614fa166d0c1d,0.0111,2024-05-28
0xc739914c461e0a58c460d5cacb764e7eb95b27fc,0.0003,2024-05-28
0xdbb451bfd4e6e461caa2c8bf0dc83346a211c29c,0.0,2024-05-28
0xd277aa6c915955a93ca5711bc9c92233042de7a7,0.0,2024-05-28
0xc241a035bc98128ac3983812a67dfc52ddeae09a,0.0,2024-05-28
0xc0e23144db36101453ba5c426445ca5bf20f6b71,0.0,2024-05-28
0xb6ca415fc42b3f96641d14280c3f3a0f078e50e5,0.0,2024-05-28
0xa2c669dc868be0a2a8d6c0ad715e17f45035ba76,0.0,2024-05-28
0x62060879dfbb6def3b73cfc48f1f0595c0fed505,0.0,2024-05-28
0x4d8c9c2cd8846533967b07becfc437542196ad6a,0.0,2024-05-28
0x47ecd8e9f8f299ce47e3ab891a874707d70a3af9,0.0,2024-05-28
0x475efac48a0a18660a7a26ee6bd5febf466930f8,0.0,2024-05-28
0x36124cee63ae786eea41bda0fb61b1b946e4c08c,0.0,2024-05-28
0x2070cd766ba0d258081c0d3d027461dd3f6d2fa3,0.0,2024-05-28
0x1dd6c65e6e22f196d5c2209f439d1f07d02ba7a4,0.0,2024-05-28
0x1d71861f54aa6e63add5acfc70e0e4ba9fd9f259,0.0,2024-05-28
0x117b58cc89156b48c302aaa4832a19c1c1aa124c,0.0,2024-05-28
0xb335e8b70f95f28e79acf58491751f83b0050888,20013.1178,2024-05-27
0xa346c2eea05bb32c986ff755b2f19d2f0ba8d14c,18600.0,2024-05-27
0xb18680092734394295d0591bb42f2bd3c184517e,12317.9791,2024-05-27
0x7938b304f1c28e85b6a021251c8ceeff20370f38,12038.694,2024-05-27
0x5fac03e07447c1a3f4ad9a5f778f23c9e1fc4255,9000.0,2024-05-27
0xfe61acc408b63a5a03507a224398fa1fe8143f28,8057.4665,2024-05-27
0xde08aef2b221274231b3547491ec8f0fc80917e1,8050.005,2024-05-27
0x445cb6c63c502fdbebd1b273f6aea1aad691e0aa,8001.5476,2024-05-27
0x69b576a7e193a15a570ee5bb2149deb3f03537a2,8000.5285,2024-05-27
0x911682cb21d7e5bdc75544fb1fcf0fb8e9635acf,2778.0,2024-05-27
0xeb1764cc9577c52f430794e9044f64f1c49dd395,900.3696,2024-05-27
0xc9c17ee58810172622b43b09c9c9ff31e50f5179,500.0,2024-05-27
0x51f3067cb6a1185d1e8316332921d9501fc4c006,100.5,2024-05-27
0xfbec297af3f4925966ab295a0771c420a9e85e08,20.7762,2024-05-27
0x452a7626f587d6811509dc071768168ea763ea3c,2.0,2024-05-27
0xc1a1bdb7d60b7cb3920787a15a2b583786c52fb6,1.3981,2024-05-27
0x58dc40b5f9f0758ee43b0a208fe362c90fdfad4d,1.0031,2024-05-27
0x45c52826efa13a6de713528bf42b520c9fa50081,0.7084,2024-05-27
0x5b0a4932dc9e253f9b15fd69f07b68e9874ea794,0.5262,2024-05-27
0xab3fd902e4dad36c6b31e3954a8de14dd829533c,0.5153,2024-05-27
0x8ea48c2264f1e5998c3ab3df3037903f8fae0caa,0.5,2024-05-27
0x644c092a5ccafc425ebf133123299a6397ae97d9,0.5,2024-05-27
0x5b4870014313c808c374f8ed1ab5b78813eb9c7f,0.5,2024-05-27
0x3200c191cc245b3e2de3fd3b3087104f3f313f57,0.5,2024-05-27
0xb086ec4303dc1514c09618c6c68ee444d6eee041,0.2,2024-05-27
0x204a2b6ab6a675d1f82634f92799ced2bdd641a2,0.0506,2024-05-27
0x952dc79bcee652aad8cc9268d9c614fa166d0c1d,0.0111,2024-05-27
0xc739914c461e0a58c460d5cacb764e7eb95b27fc,0.0003,2024-05-27
0xdbb451bfd4e6e461caa2c8bf0dc83346a211c29c,0.0,2024-05-27
0xd277aa6c915955a93ca5711bc9c92233042de7a7,0.0,2024-05-27
0xc241a035bc98128ac3983812a67dfc52ddeae09a,0.0,2024-05-27
0xc0e23144db36101453ba5c426445ca5bf20f6b71,0.0,2024-05-27
0xb6ca415fc42b3f96641d14280c3f3a0f078e50e5,0.0,2024-05-27
0xa2c669dc868be0a2a8d6c0ad715e17f45035ba76,0.0,2024-05-27
0x62060879dfbb6def3b73cfc48f1f0595c0fed505,0.0,2024-05-27
0x4d8c9c2cd8846533967b07becfc437542196ad6a,0.0,2024-05-27
0x47ecd8e9f8f299ce47e3ab891a874707d70a3af9,0.0,2024-05-27
0x475efac48a0a18660a7a26ee6bd5febf466930f8,0.0,2024-05-27
0x36124cee63ae786eea41bda0fb61b1b946e4c08c,0.0,2024-05-27
0x2070cd766ba0d258081c0d3d027461dd3f6d2fa3,0.0,2024-05-27
0x1dd6c65e6e22f196d5c2209f439d1f07d02ba7a4,0.0,2024-05-27
0x1d71861f54aa6e63add5acfc70e0e4ba9fd9f259,0.0,2024-05-27
0x117b58cc89156b48c302aaa4832a19c1c1aa124c,0.0,2024-05-27
0xb335e8b70f95f28e79acf58491751f83b0050888,20013.1178,2024-05-26
0xa346c2eea05bb32c986ff755b2f19d2f0ba8d14c,18600.0,2024-05-26
0xb18680092734394295d0591bb42f2bd3c184517e,12317.9791,2024-05-26
0x7938b304f1c28e85b6a021251c8ceeff20370f38,12038.694,2024-05-26
0x5fac03e07447c1a3f4ad9a5f778f23c9e1fc4255,9000.0,2024-05-26
0xfe61acc408b63a5a03507a224398fa1fe8143f28,8057.4665,2024-05-26
0xde08aef2b221274231b3547491ec8f0fc80917e1,8050.005,2024-05-26
0x445cb6c63c502fdbebd1b273f6aea1aad691e0aa,8001.5476,2024-05-26
0x69b576a7e193a15a570ee5bb2149deb3f03537a2,8000.5285,2024-05-26
0x911682cb21d7e5bdc75544fb1fcf0fb8e9635acf,2778.0,2024-05-26
0xeb1764cc9577c52f430794e9044f64f1c49dd395,900.3696,2024-05-26
0xc9c17ee58810172622b43b09c9c9ff31e50f5179,500.0,2024-05-26
0x51f3067cb6a1185d1e8316332921d9501fc4c006,100.5,2024-05-26
0xfbec297af3f4925966ab295a0771c420a9e85e08,20.7762,2024-05-26
0x452a7626f587d6811509dc071768168ea763ea3c,2.0,2024-05-26
0x58dc40b5f9f0758ee43b0a208fe362c90fdfad4d,1.0031,2024-05-26
0x45c52826efa13a6de713528bf42b520c9fa50081,0.7084,2024-05-26
0x5b0a4932dc9e253f9b15fd69f07b68e9874ea794,0.5262,2024-05-26
0xab3fd902e4dad36c6b31e3954a8de14dd829533c,0.5153,2024-05-26
0x8ea48c2264f1e5998c3ab3df3037903f8fae0caa,0.5,2024-05-26
0x644c092a5ccafc425ebf133123299a6397ae97d9,0.5,2024-05-26
0x5b4870014313c808c374f8ed1ab5b78813eb9c7f,0.5,2024-05-26
0x3200c191cc245b3e2de3fd3b3087104f3f313f57,0.5,2024-05-26
0xb086ec4303dc1514c09618c6c68ee444d6eee041,0.2,2024-05-26
0x204a2b6ab6a675d1f82634f92799ced2bdd641a2,0.0506,2024-05-26
0x952dc79bcee652aad8cc9268d9c614fa166d0c1d,0.0111,2024-05-26
0xc739914c461e0a58c460d5cacb764e7eb95b27fc,0.0003,2024-05-26
0xdbb451bfd4e6e461caa2c8bf0dc83346a211c29c,0.0,2024-05-26
0xd277aa6c915955a93ca5711bc9c92233042de7a7,0.0,2024-05-26
0xc241a035bc98128ac3983812a67dfc52ddeae09a,0.0,2024-05-26
0xc1a1bdb7d60b7cb3920787a15a2b583786c52fb6,0.0,2024-05-26
0xc0e23144db36101453ba5c426445ca5bf20f6b71,0.0,2024-05-26
0xb6ca415fc42b3f96641d14280c3f3a0f078e50e5,0.0,2024-05-26
0xa2c669dc868be0a2a8d6c0ad715e17f45035ba76,0.0,2024-05-26
0x62060879dfbb6def3b73cfc48f1f0595c0fed505,0.0,2024-05-26
0x4d8c9c2cd8846533967b07becfc437542196ad6a,0.0,2024-05-26
0x47ecd8e9f8f299ce47e3ab891a874707d70a3af9,0.0,2024-05-26
0x475efac48a0a18660a7a26ee6bd5febf466930f8,0.0,2024-05-26
0x36124cee63ae786eea41bda0fb61b1b946e4c08c,0.0,2024-05-26
0x2070cd766ba0d258081c0d3d027461dd3f6d2fa3,0.0,2024-05-26
0x1dd6c65e6e22f196d5c2209f439d1f07d02ba7a4,0.0,2024-05-26
0x1d71861f54aa6e63add5acfc70e0e4ba9fd9f259,0.0,2024-05-26
0x117b58cc89156b48c302aaa4832a19c1c1aa124c,0.0,2024-05-26
0xb335e8b70f95f28e79acf58491751f83b0050888,20013.1178,2024-05-25
0xa346c2eea05bb32c986ff755b2f19d2f0ba8d14c,18600.0,2024-05-25
0xb18680092734394295d0591bb42f2bd3c184517e,12317.9791,2024-05-25
0x7938b304f1c28e85b6a021251c8ceeff20370f38,12038.694,2024-05-25
0x5fac03e07447c1a3f4ad9a5f778f23c9e1fc4255,9000.0,2024-05-25
0xfe61acc408b63a5a03507a224398fa1fe8143f28,8057.4665,2024-05-25
0xde08aef2b221274231b3547491ec8f0fc80917e1,8050.005,2024-05-25
0x445cb6c63c502fdbebd1b273f6aea1aad691e0aa,8001.5476,2024-05-25
0x69b576a7e193a15a570ee5bb2149deb3f03537a2,8000.5285,2024-05-25
0x911682cb21d7e5bdc75544fb1fcf0fb8e9635acf,2778.0,2024-05-25
0xeb1764cc9577c52f430794e9044f64f1c49dd395,900.3696,2024-05-25
0xc9c17ee58810172622b43b09c9c9ff31e50f5179,500.0,2024-05-25
0x51f3067cb6a1185d1e8316332921d9501fc4c006,100.5,2024-05-25
0xfbec297af3f4925966ab295a0771c420a9e85e08,20.7762,2024-05-25
0x452a7626f587d6811509dc071768168ea763ea3c,2.0,2024-05-25
0x58dc40b5f9f0758ee43b0a208fe362c90fdfad4d,1.0031,2024-05-25
0x45c52826efa13a6de713528bf42b520c9fa50081,0.7084,2024-05-25
0x5b0a4932dc9e253f9b15fd69f07b68e9874ea794,0.5262,2024-05-25
0xab3fd902e4dad36c6b31e3954a8de14dd829533c,0.5153,2024-05-25
0x8ea48c2264f1e5998c3ab3df3037903f8fae0caa,0.5,2024-05-25
0x644c092a5ccafc425ebf133123299a6397ae97d9,0.5,2024-05-25
0x5b4870014313c808c374f8ed1ab5b78813eb9c7f,0.5,2024-05-25
0x3200c191cc245b3e2de3fd3b3087104f3f313f57,0.5,2024-05-25
0xb086ec4303dc1514c09618c6c68ee444d6eee041,0.2,2024-05-25
0x204a2b6ab6a675d1f82634f92799ced2bdd641a2,0.0506,2024-05-25
0x952dc79bcee652aad8cc9268d9c614fa166d0c1d,0.0111,2024-05-25
0xc739914c461e0a58c460d5cacb764e7eb95b27fc,0.0003,2024-05-25
0xdbb451bfd4e6e461caa2c8bf0dc83346a211c29c,0.0,2024-05-25
0xd277aa6c915955a93ca5711bc9c92233042de7a7,0.0,2024-05-25
0xc241a035bc98128ac3983812a67dfc52ddeae09a,0.0,2024-05-25
0xc1a1bdb7d60b7cb3920787a15a2b583786c52fb6,0.0,2024-05-25
0xc0e23144db36101453ba5c426445ca5bf20f6b71,0.0,2024-05-25
0xb6ca415fc42b3f96641d14280c3f3a0f078e50e5,0.0,2024-05-25
0xa2c669dc868be0a2a8d6c0ad715e17f45035ba76,0.0,2024-05-25
0x62060879dfbb6def3b73cfc48f1f0595c0fed505,0.0,2024-05-25
0x4d8c9c2cd8846533967b07becfc437542196ad6a,0.0,2024-05-25
0x47ecd8e9f8f299ce47e3ab891a874707d70a3af9,0.0,2024-05-25
0x475efac48a0a18660a7a26ee6bd5febf466930f8,0.0,2024-05-25
0x36124cee63ae786eea41bda0fb61b1b946e4c08c,0.0,2024-05-25
0x2070cd766ba0d258081c0d3d027461dd3f6d2fa3,0.0,2024-05-25
0x1dd6c65e6e22f196d5c2209f439d1f07d02ba7a4,0.0,2024-05-25
0x1d71861f54aa6e63add5acfc70e0e4ba9fd9f259,0.0,2024-05-25
0x117b58cc89156b48c302aaa4832a19c1c1aa124c,0.0,2024-05-25
0xb335e8b70f95f28e79acf58491751f83b0050888,20013.1178,2024-05-24
0xa346c2eea05bb32c986ff755b2f19d2f0ba8d14c,18600.0,2024-05-24
0xb18680092734394295d0591bb42f2bd3c184517e,12317.9791,2024-05-24
0x7938b304f1c28e85b6a021251c8ceeff20370f38,12038.694,2024-05-24
0x5fac03e07447c1a3f4ad9a5f778f23c9e1fc4255,9000.0,2024-05-24
0xfe61acc408b63a5a03507a224398fa1fe8143f28,8057.4665,2024-05-24
0xde08aef2b221274231b3547491ec8f0fc80917e1,8050.005,2024-05-24
0x445cb6c63c502fdbebd1b273f6aea1aad691e0aa,8001.5476,2024-05-24
0x69b576a7e193a15a570ee5bb2149deb3f03537a2,8000.5285,2024-05-24
0x911682cb21d7e5bdc75544fb1fcf0fb8e9635acf,2778.0,2024-05-24
0xeb1764cc9577c52f430794e9044f64f1c49dd395,900.3696,2024-05-24
0xc9c17ee58810172622b43b09c9c9ff31e50f5179,500.0,2024-05-24
0x51f3067cb6a1185d1e8316332921d9501fc4c006,100.5,2024-05-24
0xfbec297af3f4925966ab295a0771c420a9e85e08,20.7762,2024-05-24
0x452a7626f587d6811509dc071768168ea763ea3c,2.0,2024-05-24
0x58dc40b5f9f0758ee43b0a208fe362c90fdfad4d,1.0031,2024-05-24
0x45c52826efa13a6de713528bf42b520c9fa50081,0.7084,2024-05-24
0x5b0a4932dc9e253f9b15fd69f07b68e9874ea794,0.5262,2024-05-24
0xab3fd902e4dad36c6b31e3954a8de14dd829533c,0.5153,2024-05-24
0x8ea48c2264f1e5998c3ab3df3037903f8fae0caa,0.5,2024-05-24
0x644c092a5ccafc425ebf133123299a6397ae97d9,0.5,2024-05-24
0x5b4870014313c808c374f8ed1ab5b78813eb9c7f,0.5,2024-05-24
0x3200c191cc245b3e2de3fd3b3087104f3f313f57,0.5,2024-05-24
0xb086ec4303dc1514c09618c6c68ee444d6eee041,0.2,2024-05-24
0x204a2b6ab6a675d1f82634f92799ced2bdd641a2,0.0506,2024-05-24
0x952dc79bcee652aad8cc9268d9c614fa166d0c1d,0.0111,2024-05-24
0xc739914c461e0a58c460d5cacb764e7eb95b27fc,0.0003,2024-05-24
0xdbb451bfd4e6e461caa2c8bf0dc83346a211c29c,0.0,2024-05-24
0xd277aa6c915955a93ca5711bc9c92233042de7a7,0.0,2024-05-24
0xc241a035bc98128ac3983812a67dfc52ddeae09a,0.0,2024-05-24
0xc1a1bdb7d60b7cb3920787a15a2b583786c52fb6,0.0,2024-05-24
0xc0e23144db36101453ba5c426445ca5bf20f6b71,0.0,2024-05-24
0xb6ca415fc42b3f96641d14280c3f3a0f078e50e5,0.0,2024-05-24
0xa2c669dc868be0a2a8d6c0ad715e17f45035ba76,0.0,2024-05-24
0x62060879dfbb6def3b73cfc48f1f0595c0fed505,0.0,2024-05-24
0x4d8c9c2cd8846533967b07becfc437542196ad6a,0.0,2024-05-24
0x47ecd8e9f8f299ce47e3ab891a874707d70a3af9,0.0,2024-05-24
0x475efac48a0a18660a7a26ee6bd5febf466930f8,0.0,2024-05-24
0x36124cee63ae786eea41bda0fb61b1b946e4c08c,0.0,2024-05-24
0x2070cd766ba0d258081c0d3d027461dd3f6d2fa3,0.0,2024-05-24
0x1dd6c65e6e22f196d5c2209f439d1f07d02ba7a4,0.0,2024-05-24
0x1d71861f54aa6e63add5acfc70e0e4ba9fd9f259,0.0,2024-05-24
0x117b58cc89156b48c302aaa4832a19c1c1aa124c,0.0,2024-05-24
0xb335e8b70f95f28e79acf58491751f83b0050888,20013.1178,2024-05-23
0xa346c2eea05bb32c986ff755b2f19d2f0ba8d14c,18600.0,2024-05-23
0xb18680092734394295d0591bb42f2bd3c184517e,12317.9791,2024-05-23
0x7938b304f1c28e85b6a021251c8ceeff20370f38,12038.694,2024-05-23
0x5fac03e07447c1a3f4ad9a5f778f23c9e1fc4255,9000.0,2024-05-23
0xfe61acc408b63a5a03507a224398fa1fe8143f28,8057.4665,2024-05-23
0xde08aef2b221274231b3547491ec8f0fc80917e1,8050.005,2024-05-23
0x445cb6c63c502fdbebd1b273f6aea1aad691e0aa,8001.5476,2024-05-23
0x69b576a7e193a15a570ee5bb2149deb3f03537a2,8000.5285,2024-05-23
0x911682cb21d7e5bdc75544fb1fcf0fb8e9635acf,2778.0,2024-05-23
0xeb1764cc9577c52f430794e9044f64f1c49dd395,900.3696,2024-05-23
0xc9c17ee58810172622b43b09c9c9ff31e50f5179,500.0,2024-05-23
0x51f3067cb6a1185d1e8316332921d9501fc4c006,100.5,2024-05-23
0xfbec297af3f4925966ab295a0771c420a9e85e08,20.7762,2024-05-23
0x452a7626f587d6811509dc071768168ea763ea3c,2.0,2024-05-23
0x58dc40b5f9f0758ee43b0a208fe362c90fdfad4d,1.0031,2024-05-23
0x45c52826efa13a6de713528bf42b520c9fa50081,0.7084,2024-05-23
0x5b0a4932dc9e253f9b15fd69f07b68e9874ea794,0.5262,2024-05-23
0xab3fd902e4dad36c6b31e3954a8de14dd829533c,0.5153,2024-05-23
0x8ea48c2264f1e5998c3ab3df3037903f8fae0caa,0.5,2024-05-23
0x644c092a5ccafc425ebf133123299a6397ae97d9,0.5,2024-05-23
0x5b4870014313c808c374f8ed1ab5b78813eb9c7f,0.5,2024-05-23
0x3200c191cc245b3e2de3fd3b3087104f3f313f57,0.5,2024-05-23
0xb086ec4303dc1514c09618c6c68ee444d6eee041,0.2,2024-05-23
0x204a2b6ab6a675d1f82634f92799ced2bdd641a2,0.0506,2024-05-23
0x952dc79bcee652aad8cc9268d9c614fa166d0c1d,0.0111,2024-05-23
0xc739914c461e0a58c460d5cacb764e7eb95b27fc,0.0003,2024-05-23
0xdbb451bfd4e6e461caa2c8bf0dc83346a211c29c,0.0,2024-05-23
0xd277aa6c915955a93ca5711bc9c92233042de7a7,0.0,2024-05-23
0xc241a035bc98128ac3983812a67dfc52ddeae09a,0.0,2024-05-23
0xc1a1bdb7d60b7cb3920787a15a2b583786c52fb6,0.0,2024-05-23
0xc0e23144db36101453ba5c426445ca5bf20f6b71,0.0,2024-05-23
0xb6ca415fc42b3f96641d14280c3f3a0f078e50e5,0.0,2024-05-23
0xa2c669dc868be0a2a8d6c0ad715e17f45035ba76,0.0,2024-05-23
0x62060879dfbb6def3b73cfc48f1f0595c0fed505,0.0,2024-05-23
0x4d8c9c2cd8846533967b07becfc437542196ad6a,0.0,2024-05-23
0x47ecd8e9f8f299ce47e3ab891a874707d70a3af9,0.0,2024-05-23
0x475efac48a0a18660a7a26ee6bd5febf466930f8,0.0,2024-05-23
0x36124cee63ae786eea41bda0fb61b1b946e4c08c,0.0,2024-05-23
0x2070cd766ba0d258081c0d3d027461dd3f6d2fa3,0.0,2024-05-23
0x1dd6c65e6e22f196d5c2209f439d1f07d02ba7a4,0.0,2024-05-23
0x1d71861f54aa6e63add5acfc70e0e4ba9fd9f259,0.0,2024-05-23
0x117b58cc89156b48c302aaa4832a19c1c1aa124c,0.0,2024-05-23
0xb335e8b70f95f28e79acf58491751f83b0050888,20013.1178,2024-05-22
0xa346c2eea05bb32c986ff755b2f19d2f0ba8d14c,18600.0,2024-05-22
0xb18680092734394295d0591bb42f2bd3c184517e,12317.9791,2024-05-22
0x7938b304f1c28e85b6a021251c8ceeff20370f38,12038.694,2024-05-22
0x5fac03e07447c1a3f4ad9a5f778f23c9e1fc4255,9000.0,2024-05-22
0xfe61acc408b63a5a03507a224398fa1fe8143f28,8057.4665,2024-05-22
0xde08aef2b221274231b3547491ec8f0fc80917e1,8050.005,2024-05-22
0x445cb6c63c502fdbebd1b273f6aea1aad691e0aa,8001.5476,2024-05-22
0x69b576a7e193a15a570ee5bb2149deb3f03537a2,8000.5285,2024-05-22
0x911682cb21d7e5bdc75544fb1fcf0fb8e9635acf,2778.0,2024-05-22
0xeb1764cc9577c52f430794e9044f64f1c49dd395,900.3696,2024-05-22
0xc9c17ee58810172622b43b09c9c9ff31e50f5179,500.0,2024-05-22
0x51f3067cb6a1185d1e8316332921d9501fc4c006,100.5,2024-05-22
0xfbec297af3f4925966ab295a0771c420a9e85e08,20.7762,2024-05-22
0x8ea48c2264f1e5998c3ab3df3037903f8fae0caa,4.172,2024-05-22
0x452a7626f587d6811509dc071768168ea763ea3c,2.0,2024-05-22
0x58dc40b5f9f0758ee43b0a208fe362c90fdfad4d,1.0031,2024-05-22
0x45c52826efa13a6de713528bf42b520c9fa50081,0.7084,2024-05-22
0x5b0a4932dc9e253f9b15fd69f07b68e9874ea794,0.5262,2024-05-22
0xab3fd902e4dad36c6b31e3954a8de14dd829533c,0.5153,2024-05-22
0x644c092a5ccafc425ebf133123299a6397ae97d9,0.5,2024-05-22
0x5b4870014313c808c374f8ed1ab5b78813eb9c7f,0.5,2024-05-22
0x3200c191cc245b3e2de3fd3b3087104f3f313f57,0.5,2024-05-22
0xb086ec4303dc1514c09618c6c68ee444d6eee041,0.2,2024-05-22
0x204a2b6ab6a675d1f82634f92799ced2bdd641a2,0.0506,2024-05-22
0x952dc79bcee652aad8cc9268d9c614fa166d0c1d,0.0111,2024-05-22
0xc739914c461e0a58c460d5cacb764e7eb95b27fc,0.0003,2024-05-22
0xdbb451bfd4e6e461caa2c8bf0dc83346a211c29c,0.0,2024-05-22
0xd277aa6c915955a93ca5711bc9c92233042de7a7,0.0,2024-05-22
0xc241a035bc98128ac3983812a67dfc52ddeae09a,0.0,2024-05-22
0xc1a1bdb7d60b7cb3920787a15a2b583786c52fb6,0.0,2024-05-22
0xc0e23144db36101453ba5c426445ca5bf20f6b71,0.0,2024-05-22
0xb6ca415fc42b3f96641d14280c3f3a0f078e50e5,0.0,2024-05-22
0xa2c669dc868be0a2a8d6c0ad715e17f45035ba76,0.0,2024-05-22
0x62060879dfbb6def3b73cfc48f1f0595c0fed505,0.0,2024-05-22
0x4d8c9c2cd8846533967b07becfc437542196ad6a,0.0,2024-05-22
0x47ecd8e9f8f299ce47e3ab891a874707d70a3af9,0.0,2024-05-22
0x475efac48a0a18660a7a26ee6bd5febf466930f8,0.0,2024-05-22
0x36124cee63ae786eea41bda0fb61b1b946e4c08c,0.0,2024-05-22
0x2070cd766ba0d258081c0d3d027461dd3f6d2fa3,0.0,2024-05-22
0x1dd6c65e6e22f196d5c2209f439d1f07d02ba7a4,0.0,2024-05-22
0x1d71861f54aa6e63add5acfc70e0e4ba9fd9f259,0.0,2024-05-22
0x117b58cc89156b48c302aaa4832a19c1c1aa124c,0.0,2024-05-22
0xb335e8b70f95f28e79acf58491751f83b0050888,20013.1178,2024-05-21
0xa346c2eea05bb32c986ff755b2f19d2f0ba8d14c,18600.0,2024-05-21
0xb18680092734394295d0591bb42f2bd3c184517e,12317.9791,2024-05-21
0x7938b304f1c28e85b6a021251c8ceeff20370f38,12038.694,2024-05-21
0x5fac03e07447c1a3f4ad9a5f778f23c9e1fc4255,9000.0,2024-05-21
0xfe61acc408b63a5a03507a224398fa1fe8143f28,8057.4665,2024-05-21
0xde08aef2b221274231b3547491ec8f0fc80917e1,8050.005,2024-05-21
0x445cb6c63c502fdbebd1b273f6aea1aad691e0aa,8001.5476,2024-05-21
0x69b576a7e193a15a570ee5bb2149deb3f03537a2,8000.5285,2024-05-21
0x911682cb21d7e5bdc75544fb1fcf0fb8e9635acf,2778.0,2024-05-21
0xeb1764cc9577c52f430794e9044f64f1c49dd395,900.3696,2024-05-21
0xc9c17ee58810172622b43b09c9c9ff31e50f5179,500.0,2024-05-21
0x51f3067cb6a1185d1e8316332921d9501fc4c006,100.5,2024-05-21
0xfbec297af3f4925966ab295a0771c420a9e85e08,20.7762,2024-05-21
0x8ea48c2264f1e5998c3ab3df3037903f8fae0caa,4.172,2024-05-21
0x452a7626f587d6811509dc071768168ea763ea3c,2.0,2024-05-21
0x58dc40b5f9f0758ee43b0a208fe362c90fdfad4d,1.0031,2024-05-21
0x45c52826efa13a6de713528bf42b520c9fa50081,0.7084,2024-05-21
0x5b0a4932dc9e253f9b15fd69f07b68e9874ea794,0.5262,2024-05-21
0xab3fd902e4dad36c6b31e3954a8de14dd829533c,0.5153,2024-05-21
0x644c092a5ccafc425ebf133123299a6397ae97d9,0.5,2024-05-21
0x5b4870014313c808c374f8ed1ab5b78813eb9c7f,0.5,2024-05-21
0x3200c191cc245b3e2de3fd3b3087104f3f313f57,0.5,2024-05-21
0xb086ec4303dc1514c09618c6c68ee444d6eee041,0.2,2024-05-21
0x204a2b6ab6a675d1f82634f92799ced2bdd641a2,0.0506,2024-05-21
0x952dc79bcee652aad8cc9268d9c614fa166d0c1d,0.0111,2024-05-21
0xc739914c461e0a58c460d5cacb764e7eb95b27fc,0.0003,2024-05-21
0xdbb451bfd4e6e461caa2c8bf0dc83346a211c29c,0.0,2024-05-21
0xd277aa6c915955a93ca5711bc9c92233042de7a7,0.0,2024-05-21
0xc241a035bc98128ac3983812a67dfc52ddeae09a,0.0,2024-05-21
0xc1a1bdb7d60b7cb3920787a15a2b583786c52fb6,0.0,2024-05-21
0xc0e23144db36101453ba5c426445ca5bf20f6b71,0.0,2024-05-21
0xb6ca415fc42b3f96641d14280c3f3a0f078e50e5,0.0,2024-05-21
0xa2c669dc868be0a2a8d6c0ad715e17f45035ba76,0.0,2024-05-21
0x62060879dfbb6def3b73cfc48f1f0595c0fed505,0.0,2024-05-21
0x4d8c9c2cd8846533967b07becfc437542196ad6a,0.0,2024-05-21
0x47ecd8e9f8f299ce47e3ab891a874707d70a3af9,0.0,2024-05-21
0x475efac48a0a18660a7a26ee6bd5febf466930f8,0.0,2024-05-21
0x36124cee63ae786eea41bda0fb61b1b946e4c08c,0.0,2024-05-21
0x2070cd766ba0d258081c0d3d027461dd3f6d2fa3,0.0,2024-05-21
0x1dd6c65e6e22f196d5c2209f439d1f07d02ba7a4,0.0,2024-05-21
0x1d71861f54aa6e63add5acfc70e0e4ba9fd9f259,0.0,2024-05-21
0x117b58cc89156b48c302aaa4832a19c1c1aa124c,0.0,2024-05-21
0xb335e8b70f95f28e79acf58491751f83b0050888,20013.1178,2024-05-20
0xa346c2eea05bb32c986ff755b2f19d2f0ba8d14c,18600.0,2024-05-20
0xb18680092734394295d0591bb42f2bd3c184517e,12317.9791,2024-05-20
0x7938b304f1c28e85b6a021251c8ceeff20370f38,12038.694,2024-05-20
0x5fac03e07447c1a3f4ad9a5f778f23c9e1fc4255,9000.0,2024-05-20
0xfe61acc408b63a5a03507a224398fa1fe8143f28,8057.4665,2024-05-20
0xde08aef2b221274231b3547491ec8f0fc80917e1,8050.005,2024-05-20
0x445cb6c63c502fdbebd1b273f6aea1aad691e0aa,8001.5476,2024-05-20
0x69b576a7e193a15a570ee5bb2149deb3f03537a2,8000.5285,2024-05-20
0x911682cb21d7e5bdc75544fb1fcf0fb8e9635acf,2778.0,2024-05-20
0xeb1764cc9577c52f430794e9044f64f1c49dd395,900.3696,2024-05-20
0xc9c17ee58810172622b43b09c9c9ff31e50f5179,500.0,2024-05-20
0x51f3067cb6a1185d1e8316332921d9501fc4c006,100.5,2024-05-20
0xfbec297af3f4925966ab295a0771c420a9e85e08,20.7762,2024-05-20
0x8ea48c2264f1e5998c3ab3df3037903f8fae0caa,4.172,2024-05-20
0x452a7626f587d6811509dc071768168ea763ea3c,2.0,2024-05-20
0x58dc40b5f9f0758ee43b0a208fe362c90fdfad4d,1.0031,2024-05-20
0x45c52826efa13a6de713528bf42b520c9fa50081,0.7084,2024-05-20
0x5b0a4932dc9e253f9b15fd69f07b68e9874ea794,0.5262,2024-05-20
0xab3fd902e4dad36c6b31e3954a8de14dd829533c,0.5153,2024-05-20
0x644c092a5ccafc425ebf133123299a6397ae97d9,0.5,2024-05-20
0x5b4870014313c808c374f8ed1ab5b78813eb9c7f,0.5,2024-05-20
0x3200c191cc245b3e2de3fd3b3087104f3f313f57,0.5,2024-05-20
0xb086ec4303dc1514c09618c6c68ee444d6eee041,0.2,2024-05-20
0x204a2b6ab6a675d1f82634f92799ced2bdd641a2,0.0506,2024-05-20
0x952dc79bcee652aad8cc9268d9c614fa166d0c1d,0.0111,2024-05-20
0xc739914c461e0a58c460d5cacb764e7eb95b27fc,0.0003,2024-05-20
0xdbb451bfd4e6e461caa2c8bf0dc83346a211c29c,0.0,2024-05-20
0xd277aa6c915955a93ca5711bc9c92233042de7a7,0.0,2024-05-20
0xc241a035bc98128ac3983812a67dfc52ddeae09a,0.0,2024-05-20
0xc1a1bdb7d60b7cb3920787a15a2b583786c52fb6,0.0,2024-05-20
0xc0e23144db36101453ba5c426445ca5bf20f6b71,0.0,2024-05-20
0xb6ca415fc42b3f96641d14280c3f3a0f078e50e5,0.0,2024-05-20
0xa2c669dc868be0a2a8d6c0ad715e17f45035ba76,0.0,2024-05-20
0x62060879dfbb6def3b73cfc48f1f0595c0fed505,0.0,2024-05-20
0x4d8c9c2cd8846533967b07becfc437542196ad6a,0.0,2024-05-20
0x47ecd8e9f8f299ce47e3ab891a874707d70a3af9,0.0,2024-05-20
0x475efac48a0a18660a7a26ee6bd5febf466930f8,0.0,2024-05-20
0x36124cee63ae786eea41bda0fb61b1b946e4c08c,0.0,2024-05-20
0x2070cd766ba0d258081c0d3d027461dd3f6d2fa3,0.0,2024-05-20
0x1dd6c65e6e22f196d5c2209f439d1f07d02ba7a4,0.0,2024-05-20
0x1d71861f54aa6e63add5acfc70e0e4ba9fd9f259,0.0,2024-05-20
0x117b58cc89156b48c302aaa4832a19c1c1aa124c,0.0,2024-05-20
0xb335e8b70f95f28e79acf58491751f83b0050888,20013.1178,2024-05-19
0xa346c2eea05bb32c986ff755b2f19d2f0ba8d14c,18600.0,2024-05-19
0xb18680092734394295d0591bb42f2bd3c184517e,12317.9791,2024-05-19
0x7938b304f1c28e85b6a021251c8ceeff20370f38,12038.694,2024-05-19
0x5fac03e07447c1a3f4ad9a5f778f23c9e1fc4255,9000.0,2024-05-19
0xfe61acc408b63a5a03507a224398fa1fe8143f28,8057.4665,2024-05-19
0xde08aef2b221274231b3547491ec8f0fc80917e1,8050.005,2024-05-19
0x445cb6c63c502fdbebd1b273f6aea1aad691e0aa,8011.5476,2024-05-19
0x69b576a7e193a15a570ee5bb2149deb3f03537a2,8000.5285,2024-05-19
0x911682cb21d7e5bdc75544fb1fcf0fb8e9635acf,2778.0,2024-05-19
0xeb1764cc9577c52f430794e9044f64f1c49dd395,900.3696,2024-05-19
0xc9c17ee58810172622b43b09c9c9ff31e50f5179,500.0,2024-05-19
0x51f3067cb6a1185d1e8316332921d9501fc4c006,100.5,2024-05-19
0xfbec297af3f4925966ab295a0771c420a9e85e08,20.7762,2024-05-19
0x8ea48c2264f1e5998c3ab3df3037903f8fae0caa,4.172,2024-05-19
0x452a7626f587d6811509dc071768168ea763ea3c,2.0,2024-05-19
0x58dc40b5f9f0758ee43b0a208fe362c90fdfad4d,1.0031,2024-05-19
0x45c52826efa13a6de713528bf42b520c9fa50081,0.7084,2024-05-19
0x5b0a4932dc9e253f9b15fd69f07b68e9874ea794,0.5262,2024-05-19
0xab3fd902e4dad36c6b31e3954a8de14dd829533c,0.5153,2024-05-19
0x644c092a5ccafc425ebf133123299a6397ae97d9,0.5,2024-05-19
0x5b4870014313c808c374f8ed1ab5b78813eb9c7f,0.5,2024-05-19
0x3200c191cc245b3e2de3fd3b3087104f3f313f57,0.5,2024-05-19
0xb086ec4303dc1514c09618c6c68ee444d6eee041,0.2,2024-05-19
0x204a2b6ab6a675d1f82634f92799ced2bdd641a2,0.0506,2024-05-19
0x952dc79bcee652aad8cc9268d9c614fa166d0c1d,0.0111,2024-05-19
0xc739914c461e0a58c460d5cacb764e7eb95b27fc,0.0003,2024-05-19
0xdbb451bfd4e6e461caa2c8bf0dc83346a211c29c,0.0,2024-05-19
0xd277aa6c915955a93ca5711bc9c92233042de7a7,0.0,2024-05-19
0xc241a035bc98128ac3983812a67dfc52ddeae09a,0.0,2024-05-19
0xc1a1bdb7d60b7cb3920787a15a2b583786c52fb6,0.0,2024-05-19
0xc0e23144db36101453ba5c426445ca5bf20f6b71,0.0,2024-05-19
0xb6ca415fc42b3f96641d14280c3f3a0f078e50e5,0.0,2024-05-19
0xa2c669dc868be0a2a8d6c0ad715e17f45035ba76,0.0,2024-05-19
0x62060879dfbb6def3b73cfc48f1f0595c0fed505,0.0,2024-05-19
0x4d8c9c2cd8846533967b07becfc437542196ad6a,0.0,2024-05-19
0x47ecd8e9f8f299ce47e3ab891a874707d70a3af9,0.0,2024-05-19
0x475efac48a0a18660a7a26ee6bd5febf466930f8,0.0,2024-05-19
0x36124cee63ae786eea41bda0fb61b1b946e4c08c,0.0,2024-05-19
0x2070cd766ba0d258081c0d3d027461dd3f6d2fa3,0.0,2024-05-19
0x1dd6c65e6e22f196d5c2209f439d1f07d02ba7a4,0.0,2024-05-19
0x1d71861f54aa6e63add5acfc70e0e4ba9fd9f259,0.0,2024-05-19
0x117b58cc89156b48c302aaa4832a19c1c1aa124c,0.0,2024-05-19
0xb335e8b70f95f28e79acf58491751f83b0050888,20013.1178,2024-05-18
0xa346c2eea05bb32c986ff755b2f19d2f0ba8d14c,18600.0,2024-05-18
0xb18680092734394295d0591bb42f2bd3c184517e,12317.9791,2024-05-18
0x7938b304f1c28e85b6a021251c8ceeff20370f38,12038.694,2024-05-18
0x5fac03e07447c1a3f4ad9a5f778f23c9e1fc4255,9000.0,2024-05-18
0xfe61acc408b63a5a03507a224398fa1fe8143f28,8057.4665,2024-05-18
0xde08aef2b221274231b3547491ec8f0fc80917e1,8050.005,2024-05-18
0x445cb6c63c502fdbebd1b273f6aea1aad691e0aa,8011.5476,2024-05-18
0x69b576a7e193a15a570ee5bb2149deb3f03537a2,8000.5285,2024-05-18
0x911682cb21d7e5bdc75544fb1fcf0fb8e9635acf,2778.0,2024-05-18
0xeb1764cc9577c52f430794e9044f64f1c49dd395,900.3696,2024-05-18
0xc9c17ee58810172622b43b09c9c9ff31e50f5179,500.0,2024-05-18
0x51f3067cb6a1185d1e8316332921d9501fc4c006,100.5,2024-05-18
0x45c52826efa13a6de713528bf42b520c9fa50081,56.3744,2024-05-18
0xfbec297af3f4925966ab295a0771c420a9e85e08,20.7762,2024-05-18
0x8ea48c2264f1e5998c3ab3df3037903f8fae0caa,4.172,2024-05-18
0x452a7626f587d6811509dc071768168ea763ea3c,2.0,2024-05-18
0x58dc40b5f9f0758ee43b0a208fe362c90fdfad4d,1.0031,2024-05-18
0x5b0a4932dc9e253f9b15fd69f07b68e9874ea794,0.5262,2024-05-18
0xab3fd902e4dad36c6b31e3954a8de14dd829533c,0.5153,2024-05-18
0x644c092a5ccafc425ebf133123299a6397ae97d9,0.5,2024-05-18
0x5b4870014313c808c374f8ed1ab5b78813eb9c7f,0.5,2024-05-18
0x3200c191cc245b3e2de3fd3b3087104f3f313f57,0.5,2024-05-18
0xb086ec4303dc1514c09618c6c68ee444d6eee041,0.2,2024-05-18
0x204a2b6ab6a675d1f82634f92799ced2bdd641a2,0.0506,2024-05-18
0x952dc79bcee652aad8cc9268d9c614fa166d0c1d,0.0111,2024-05-18
0xc739914c461e0a58c460d5cacb764e7eb95b27fc,0.0003,2024-05-18
0xdbb451bfd4e6e461caa2c8bf0dc83346a211c29c,0.0,2024-05-18
0xd277aa6c915955a93ca5711bc9c92233042de7a7,0.0,2024-05-18
0xc241a035bc98128ac3983812a67dfc52ddeae09a,0.0,2024-05-18
0xc1a1bdb7d60b7cb3920787a15a2b583786c52fb6,0.0,2024-05-18
0xc0e23144db36101453ba5c426445ca5bf20f6b71,0.0,2024-05-18
0xb6ca415fc42b3f96641d14280c3f3a0f078e50e5,0.0,2024-05-18
0xa2c669dc868be0a2a8d6c0ad715e17f45035ba76,0.0,2024-05-18
0x62060879dfbb6def3b73cfc48f1f0595c0fed505,0.0,2024-05-18
0x4d8c9c2cd8846533967b07becfc437542196ad6a,0.0,2024-05-18
0x47ecd8e9f8f299ce47e3ab891a874707d70a3af9,0.0,2024-05-18
0x475efac48a0a18660a7a26ee6bd5febf466930f8,0.0,2024-05-18
0x36124cee63ae786eea41bda0fb61b1b946e4c08c,0.0,2024-05-18
0x2070cd766ba0d258081c0d3d027461dd3f6d2fa3,0.0,2024-05-18
0x1dd6c65e6e22f196d5c2209f439d1f07d02ba7a4,0.0,2024-05-18
0x1d71861f54aa6e63add5acfc70e0e4ba9fd9f259,0.0,2024-05-18
0x117b58cc89156b48c302aaa4832a19c1c1aa124c,0.0,2024-05-18
0xb335e8b70f95f28e79acf58491751f83b0050888,20013.1178,2024-05-17
0xa346c2eea05bb32c986ff755b2f19d2f0ba8d14c,18600.0,2024-05-17
0xb18680092734394295d0591bb42f2bd3c184517e,12317.9791,2024-05-17
0x7938b304f1c28e85b6a021251c8ceeff20370f38,12038.694,2024-05-17
0x5fac03e07447c1a3f4ad9a5f778f23c9e1fc4255,9000.0,2024-05-17
0xfe61acc408b63a5a03507a224398fa1fe8143f28,8057.4665,2024-05-17
0xde08aef2b221274231b3547491ec8f0fc80917e1,8050.005,2024-05-17
0x445cb6c63c502fdbebd1b273f6aea1aad691e0aa,8011.5476,2024-05-17
0x69b576a7e193a15a570ee5bb2149deb3f03537a2,8000.5285,2024-05-17
0x911682cb21d7e5bdc75544fb1fcf0fb8e9635acf,2778.0,2024-05-17
0xeb1764cc9577c52f430794e9044f64f1c49dd395,900.3696,2024-05-17
0xc9c17ee58810172622b43b09c9c9ff31e50f5179,500.0,2024-05-17
0x51f3067cb6a1185d1e8316332921d9501fc4c006,100.5,2024-05-17
0x45c52826efa13a6de713528bf42b520c9fa50081,56.3744,2024-05-17
0xfbec297af3f4925966ab295a0771c420a9e85e08,20.7762,2024-05-17
0x8ea48c2264f1e5998c3ab3df3037903f8fae0caa,4.172,2024-05-17
0x452a7626f587d6811509dc071768168ea763ea3c,2.0,2024-05-17
0x58dc40b5f9f0758ee43b0a208fe362c90fdfad4d,1.0031,2024-05-17
0x5b0a4932dc9e253f9b15fd69f07b68e9874ea794,0.5262,2024-05-17
0xab3fd902e4dad36c6b31e3954a8de14dd829533c,0.5153,2024-05-17
0x644c092a5ccafc425ebf133123299a6397ae97d9,0.5,2024-05-17
0x5b4870014313c808c374f8ed1ab5b78813eb9c7f,0.5,2024-05-17
0x3200c191cc245b3e2de3fd3b3087104f3f313f57,0.5,2024-05-17
0xb086ec4303dc1514c09618c6c68ee444d6eee041,0.2,2024-05-17
0x204a2b6ab6a675d1f82634f92799ced2bdd641a2,0.0506,2024-05-17
0x952dc79bcee652aad8cc9268d9c614fa166d0c1d,0.0111,2024-05-17
0xc739914c461e0a58c460d5cacb764e7eb95b27fc,0.0003,2024-05-17
0xdbb451bfd4e6e461caa2c8bf0dc83346a211c29c,0.0,2024-05-17
0xd277aa6c915955a93ca5711bc9c92233042de7a7,0.0,2024-05-17
0xc241a035bc98128ac3983812a67dfc52ddeae09a,0.0,2024-05-17
0xc1a1bdb7d60b7cb3920787a15a2b583786c52fb6,0.0,2024-05-17
0xc0e23144db36101453ba5c426445ca5bf20f6b71,0.0,2024-05-17
0xb6ca415fc42b3f96641d14280c3f3a0f078e50e5,0.0,2024-05-17
0xa2c669dc868be0a2a8d6c0ad715e17f45035ba76,0.0,2024-05-17
0x62060879dfbb6def3b73cfc48f1f0595c0fed505,0.0,2024-05-17
0x4d8c9c2cd8846533967b07becfc437542196ad6a,0.0,2024-05-17
0x47ecd8e9f8f299ce47e3ab891a874707d70a3af9,0.0,2024-05-17
0x475efac48a0a18660a7a26ee6bd5febf466930f8,0.0,2024-05-17
0x36124cee63ae786eea41bda0fb61b1b946e4c08c,0.0,2024-05-17
0x2070cd766ba0d258081c0d3d027461dd3f6d2fa3,0.0,2024-05-17
0x1dd6c65e6e22f196d5c2209f439d1f07d02ba7a4,0.0,2024-05-17
0x1d71861f54aa6e63add5acfc70e0e4ba9fd9f259,0.0,2024-05-17
0x117b58cc89156b48c302aaa4832a19c1c1aa124c,0.0,2024-05-17
0xb335e8b70f95f28e79acf58491751f83b0050888,20013.1178,2024-05-16
0xa346c2eea05bb32c986ff755b2f19d2f0ba8d14c,18600.0,2024-05-16
0xb18680092734394295d0591bb42f2bd3c184517e,12317.9791,2024-05-16
0x7938b304f1c28e85b6a021251c8ceeff20370f38,12038.694,2024-05-16
0x5fac03e07447c1a3f4ad9a5f778f23c9e1fc4255,9000.0,2024-05-16
0xfe61acc408b63a5a03507a224398fa1fe8143f28,8057.4665,2024-05-16
0xde08aef2b221274231b3547491ec8f0fc80917e1,8050.005,2024-05-16
0x445cb6c63c502fdbebd1b273f6aea1aad691e0aa,8011.5476,2024-05-16
0x69b576a7e193a15a570ee5bb2149deb3f03537a2,8000.5285,2024-05-16
0x911682cb21d7e5bdc75544fb1fcf0fb8e9635acf,2778.0,2024-05-16
0xeb1764cc9577c52f430794e9044f64f1c49dd395,900.3696,2024-05-16
0xc9c17ee58810172622b43b09c9c9ff31e50f5179,500.0,2024-05-16
0x51f3067cb6a1185d1e8316332921d9501fc4c006,100.5,2024-05-16
0x45c52826efa13a6de713528bf42b520c9fa50081,56.3744,2024-05-16
0xfbec297af3f4925966ab295a0771c420a9e85e08,20.7762,2024-05-16
0x8ea48c2264f1e5998c3ab3df3037903f8fae0caa,4.172,2024-05-16
0x452a7626f587d6811509dc071768168ea763ea3c,2.0,2024-05-16
0x58dc40b5f9f0758ee43b0a208fe362c90fdfad4d,1.0031,2024-05-16
0x5b0a4932dc9e253f9b15fd69f07b68e9874ea794,0.5262,2024-05-16
0xab3fd902e4dad36c6b31e3954a8de14dd829533c,0.5153,2024-05-16
0x644c092a5ccafc425ebf133123299a6397ae97d9,0.5,2024-05-16
0x5b4870014313c808c374f8ed1ab5b78813eb9c7f,0.5,2024-05-16
0x3200c191cc245b3e2de3fd3b3087104f3f313f57,0.5,2024-05-16
0xb086ec4303dc1514c09618c6c68ee444d6eee041,0.2,2024-05-16
0x204a2b6ab6a675d1f82634f92799ced2bdd641a2,0.0506,2024-05-16
0x952dc79bcee652aad8cc9268d9c614fa166d0c1d,0.0111,2024-05-16
0xc739914c461e0a58c460d5cacb764e7eb95b27fc,0.0003,2024-05-16
0xdbb451bfd4e6e461caa2c8bf0dc83346a211c29c,0.0,2024-05-16
0xd277aa6c915955a93ca5711bc9c92233042de7a7,0.0,2024-05-16
0xc241a035bc98128ac3983812a67dfc52ddeae09a,0.0,2024-05-16
0xc1a1bdb7d60b7cb3920787a15a2b583786c52fb6,0.0,2024-05-16
0xc0e23144db36101453ba5c426445ca5bf20f6b71,0.0,2024-05-16
0xb6ca415fc42b3f96641d14280c3f3a0f078e50e5,0.0,2024-05-16
0xa2c669dc868be0a2a8d6c0ad715e17f45035ba76,0.0,2024-05-16
0x62060879dfbb6def3b73cfc48f1f0595c0fed505,0.0,2024-05-16
0x4d8c9c2cd8846533967b07becfc437542196ad6a,0.0,2024-05-16
0x47ecd8e9f8f299ce47e3ab891a874707d70a3af9,0.0,2024-05-16
0x475efac48a0a18660a7a26ee6bd5febf466930f8,0.0,2024-05-16
0x36124cee63ae786eea41bda0fb61b1b946e4c08c,0.0,2024-05-16
0x2070cd766ba0d258081c0d3d027461dd3f6d2fa3,0.0,2024-05-16
0x1dd6c65e6e22f196d5c2209f439d1f07d02ba7a4,0.0,2024-05-16
0x1d71861f54aa6e63add5acfc70e0e4ba9fd9f259,0.0,2024-05-16
0x117b58cc89156b48c302aaa4832a19c1c1aa124c,0.0,2024-05-16
0xb335e8b70f95f28e79acf58491751f83b0050888,20013.1178,2024-05-15
0xa346c2eea05bb32c986ff755b2f19d2f0ba8d14c,18600.0,2024-05-15
0xb18680092734394295d0591bb42f2bd3c184517e,12317.9791,2024-05-15
0x7938b304f1c28e85b6a021251c8ceeff20370f38,12038.694,2024-05-15
0x5fac03e07447c1a3f4ad9a5f778f23c9e1fc4255,9000.0,2024-05-15
0xfe61acc408b63a5a03507a224398fa1fe8143f28,8057.4665,2024-05-15
0xde08aef2b221274231b3547491ec8f0fc80917e1,8050.005,2024-05-15
0x445cb6c63c502fdbebd1b273f6aea1aad691e0aa,8011.5476,2024-05-15
0x69b576a7e193a15a570ee5bb2149deb3f03537a2,8000.5285,2024-05-15
0x911682cb21d7e5bdc75544fb1fcf0fb8e9635acf,2778.0,2024-05-15
0xeb1764cc9577c52f430794e9044f64f1c49dd395,900.3696,2024-05-15
0xc9c17ee58810172622b43b09c9c9ff31e50f5179,500.0,2024-05-15
0x51f3067cb6a1185d1e8316332921d9501fc4c006,100.5,2024-05-15
0x45c52826efa13a6de713528bf42b520c9fa50081,56.3744,2024-05-15
0xfbec297af3f4925966ab295a0771c420a9e85e08,20.7762,2024-05-15
0x8ea48c2264f1e5998c3ab3df3037903f8fae0caa,4.172,2024-05-15
0x452a7626f587d6811509dc071768168ea763ea3c,2.0,2024-05-15
0x58dc40b5f9f0758ee43b0a208fe362c90fdfad4d,1.0031,2024-05-15
0x5b0a4932dc9e253f9b15fd69f07b68e9874ea794,0.5262,2024-05-15
0xab3fd902e4dad36c6b31e3954a8de14dd829533c,0.5153,2024-05-15
0x644c092a5ccafc425ebf133123299a6397ae97d9,0.5,2024-05-15
0x5b4870014313c808c374f8ed1ab5b78813eb9c7f,0.5,2024-05-15
0x3200c191cc245b3e2de3fd3b3087104f3f313f57,0.5,2024-05-15
0xb086ec4303dc1514c09618c6c68ee444d6eee041,0.2,2024-05-15
0x204a2b6ab6a675d1f82634f92799ced2bdd641a2,0.0506,2024-05-15
0x952dc79bcee652aad8cc9268d9c614fa166d0c1d,0.0111,2024-05-15
0xc739914c461e0a58c460d5cacb764e7eb95b27fc,0.0003,2024-05-15
0xdbb451bfd4e6e461caa2c8bf0dc83346a211c29c,0.0,2024-05-15
0xd277aa6c915955a93ca5711bc9c92233042de7a7,0.0,2024-05-15
0xc241a035bc98128ac3983812a67dfc52ddeae09a,0.0,2024-05-15
0xc1a1bdb7d60b7cb3920787a15a2b583786c52fb6,0.0,2024-05-15
0xc0e23144db36101453ba5c426445ca5bf20f6b71,0.0,2024-05-15
0xb6ca415fc42b3f96641d14280c3f3a0f078e50e5,0.0,2024-05-15
0xa2c669dc868be0a2a8d6c0ad715e17f45035ba76,0.0,2024-05-15
0x62060879dfbb6def3b73cfc48f1f0595c0fed505,0.0,2024-05-15
0x4d8c9c2cd8846533967b07becfc437542196ad6a,0.0,2024-05-15
0x47ecd8e9f8f299ce47e3ab891a874707d70a3af9,0.0,2024-05-15
0x475efac48a0a18660a7a26ee6bd5febf466930f8,0.0,2024-05-15
0x36124cee63ae786eea41bda0fb61b1b946e4c08c,0.0,2024-05-15
0x2070cd766ba0d258081c0d3d027461dd3f6d2fa3,0.0,2024-05-15
0x1dd6c65e6e22f196d5c2209f439d1f07d02ba7a4,0.0,2024-05-15
0x1d71861f54aa6e63add5acfc70e0e4ba9fd9f259,0.0,2024-05-15
0x117b58cc89156b48c302aaa4832a19c1c1aa124c,0.0,2024-05-15
0xb335e8b70f95f28e79acf58491751f83b0050888,20013.1178,2024-05-14
0xa346c2eea05bb32c986ff755b2f19d2f0ba8d14c,18600.0,2024-05-14
0xb18680092734394295d0591bb42f2bd3c184517e,12317.9791,2024-05-14
0x7938b304f1c28e85b6a021251c8ceeff20370f38,12038.694,2024-05-14
0x5fac03e07447c1a3f4ad9a5f778f23c9e1fc4255,9000.0,2024-05-14
0xfe61acc408b63a5a03507a224398fa1fe8143f28,8078.7433,2024-05-14
0xde08aef2b221274231b3547491ec8f0fc80917e1,8050.005,2024-05-14
0x445cb6c63c502fdbebd1b273f6aea1aad691e0aa,8011.5476,2024-05-14
0x69b576a7e193a15a570ee5bb2149deb3f03537a2,8000.5285,2024-05-14
0x911682cb21d7e5bdc75544fb1fcf0fb8e9635acf,2778.0,2024-05-14
0xeb1764cc9577c52f430794e9044f64f1c49dd395,900.3696,2024-05-14
0xc9c17ee58810172622b43b09c9c9ff31e50f5179,500.0,2024-05-14
0x51f3067cb6a1185d1e8316332921d9501fc4c006,100.5,2024-05-14
0x45c52826efa13a6de713528bf42b520c9fa50081,56.3744,2024-05-14
0xfbec297af3f4925966ab295a0771c420a9e85e08,20.7762,2024-05-14
0x8ea48c2264f1e5998c3ab3df3037903f8fae0caa,4.172,2024-05-14
0x452a7626f587d6811509dc071768168ea763ea3c,2.0,2024-05-14
0x58dc40b5f9f0758ee43b0a208fe362c90fdfad4d,1.0031,2024-05-14
0x5b0a4932dc9e253f9b15fd69f07b68e9874ea794,0.5262,2024-05-14
0xab3fd902e4dad36c6b31e3954a8de14dd829533c,0.5153,2024-05-14
0x644c092a5ccafc425ebf133123299a6397ae97d9,0.5,2024-05-14
0x5b4870014313c808c374f8ed1ab5b78813eb9c7f,0.5,2024-05-14
0x3200c191cc245b3e2de3fd3b3087104f3f313f57,0.5,2024-05-14
0xb086ec4303dc1514c09618c6c68ee444d6eee041,0.2,2024-05-14
0x204a2b6ab6a675d1f82634f92799ced2bdd641a2,0.0506,2024-05-14
0x952dc79bcee652aad8cc9268d9c614fa166d0c1d,0.0111,2024-05-14
0xc739914c461e0a58c460d5cacb764e7eb95b27fc,0.0003,2024-05-14
0xdbb451bfd4e6e461caa2c8bf0dc83346a211c29c,0.0,2024-05-14
0xd277aa6c915955a93ca5711bc9c92233042de7a7,0.0,2024-05-14
0xc241a035bc98128ac3983812a67dfc52ddeae09a,0.0,2024-05-14
0xc1a1bdb7d60b7cb3920787a15a2b583786c52fb6,0.0,2024-05-14
0xc0e23144db36101453ba5c426445ca5bf20f6b71,0.0,2024-05-14
0xb6ca415fc42b3f96641d14280c3f3a0f078e50e5,0.0,2024-05-14
0xa2c669dc868be0a2a8d6c0ad715e17f45035ba76,0.0,2024-05-14
0x62060879dfbb6def3b73cfc48f1f0595c0fed505,0.0,2024-05-14
0x4d8c9c2cd8846533967b07becfc437542196ad6a,0.0,2024-05-14
0x47ecd8e9f8f299ce47e3ab891a874707d70a3af9,0.0,2024-05-14
0x475efac48a0a18660a7a26ee6bd5febf466930f8,0.0,2024-05-14
0x36124cee63ae786eea41bda0fb61b1b946e4c08c,0.0,2024-05-14
0x2070cd766ba0d258081c0d3d027461dd3f6d2fa3,0.0,2024-05-14
0x1dd6c65e6e22f196d5c2209f439d1f07d02ba7a4,0.0,2024-05-14
0x1d71861f54aa6e63add5acfc70e0e4ba9fd9f259,0.0,2024-05-14
0x117b58cc89156b48c302aaa4832a19c1c1aa124c,0.0,2024-05-14
0xb335e8b70f95f28e79acf58491751f83b0050888,20013.1178,2024-05-13
0xa346c2eea05bb32c986ff755b2f19d2f0ba8d14c,18600.0,2024-05-13
0xb18680092734394295d0591bb42f2bd3c184517e,12317.9791,2024-05-13
0x7938b304f1c28e85b6a021251c8ceeff20370f38,12038.694,2024-05-13
0x5fac03e07447c1a3f4ad9a5f778f23c9e1fc4255,9000.0,2024-05-13
0xfe61acc408b63a5a03507a224398fa1fe8143f28,8078.7433,2024-05-13
0xde08aef2b221274231b3547491ec8f0fc80917e1,8050.005,2024-05-13
0x445cb6c63c502fdbebd1b273f6aea1aad691e0aa,8011.5476,2024-05-13
0x69b576a7e193a15a570ee5bb2149deb3f03537a2,8000.5285,2024-05-13
0x911682cb21d7e5bdc75544fb1fcf0fb8e9635acf,2778.0,2024-05-13
0xeb1764cc9577c52f430794e9044f64f1c49dd395,900.3696,2024-05-13
0xc9c17ee58810172622b43b09c9c9ff31e50f5179,500.0,2024-05-13
0x51f3067cb6a1185d1e8316332921d9501fc4c006,100.5,2024-05-13
0x45c52826efa13a6de713528bf42b520c9fa50081,56.3744,2024-05-13
0xfbec297af3f4925966ab295a0771c420a9e85e08,20.7762,2024-05-13
0x8ea48c2264f1e5998c3ab3df3037903f8fae0caa,4.172,2024-05-13
0x452a7626f587d6811509dc071768168ea763ea3c,2.0,2024-05-13
0x58dc40b5f9f0758ee43b0a208fe362c90fdfad4d,1.0031,2024-05-13
0x5b0a4932dc9e253f9b15fd69f07b68e9874ea794,0.5262,2024-05-13
0xab3fd902e4dad36c6b31e3954a8de14dd829533c,0.5153,2024-05-13
0x644c092a5ccafc425ebf133123299a6397ae97d9,0.5,2024-05-13
0x5b4870014313c808c374f8ed1ab5b78813eb9c7f,0.5,2024-05-13
0x3200c191cc245b3e2de3fd3b3087104f3f313f57,0.5,2024-05-13
0xb086ec4303dc1514c09618c6c68ee444d6eee041,0.2,2024-05-13
0x204a2b6ab6a675d1f82634f92799ced2bdd641a2,0.0506,2024-05-13
0x952dc79bcee652aad8cc9268d9c614fa166d0c1d,0.0111,2024-05-13
0xc739914c461e0a58c460d5cacb764e7eb95b27fc,0.0003,2024-05-13
0xdbb451bfd4e6e461caa2c8bf0dc83346a211c29c,0.0,2024-05-13
0xd277aa6c915955a93ca5711bc9c92233042de7a7,0.0,2024-05-13
0xc241a035bc98128ac3983812a67dfc52ddeae09a,0.0,2024-05-13
0xc1a1bdb7d60b7cb3920787a15a2b583786c52fb6,0.0,2024-05-13
0xc0e23144db36101453ba5c426445ca5bf20f6b71,0.0,2024-05-13
0xb6ca415fc42b3f96641d14280c3f3a0f078e50e5,0.0,2024-05-13
0xa2c669dc868be0a2a8d6c0ad715e17f45035ba76,0.0,2024-05-13
0x62060879dfbb6def3b73cfc48f1f0595c0fed505,0.0,2024-05-13
0x4d8c9c2cd8846533967b07becfc437542196ad6a,0.0,2024-05-13
0x47ecd8e9f8f299ce47e3ab891a874707d70a3af9,0.0,2024-05-13
0x475efac48a0a18660a7a26ee6bd5febf466930f8,0.0,2024-05-13
0x36124cee63ae786eea41bda0fb61b1b946e4c08c,0.0,2024-05-13
0x2070cd766ba0d258081c0d3d027461dd3f6d2fa3,0.0,2024-05-13
0x1dd6c65e6e22f196d5c2209f439d1f07d02ba7a4,0.0,2024-05-13
0x1d71861f54aa6e63add5acfc70e0e4ba9fd9f259,0.0,2024-05-13
0x117b58cc89156b48c302aaa4832a19c1c1aa124c,0.0,2024-05-13
0xb335e8b70f95f28e79acf58491751f83b0050888,20013.1178,2024-05-12
0xa346c2eea05bb32c986ff755b2f19d2f0ba8d14c,18600.0,2024-05-12
0xb18680092734394295d0591bb42f2bd3c184517e,12317.9791,2024-05-12
0x7938b304f1c28e85b6a021251c8ceeff20370f38,12038.694,2024-05-12
0x5fac03e07447c1a3f4ad9a5f778f23c9e1fc4255,9000.0,2024-05-12
0xfe61acc408b63a5a03507a224398fa1fe8143f28,8078.7433,2024-05-12
0xde08aef2b221274231b3547491ec8f0fc80917e1,8050.005,2024-05-12
0x445cb6c63c502fdbebd1b273f6aea1aad691e0aa,8011.5476,2024-05-12
0x69b576a7e193a15a570ee5bb2149deb3f03537a2,8000.5285,2024-05-12
0x911682cb21d7e5bdc75544fb1fcf0fb8e9635acf,2778.0,2024-05-12
0xeb1764cc9577c52f430794e9044f64f1c49dd395,900.3696,2024-05-12
0xc9c17ee58810172622b43b09c9c9ff31e50f5179,500.0,2024-05-12
0x51f3067cb6a1185d1e8316332921d9501fc4c006,100.5,2024-05-12
0x45c52826efa13a6de713528bf42b520c9fa50081,56.3744,2024-05-12
0xfbec297af3f4925966ab295a0771c420a9e85e08,32.3815,2024-05-12
0x8ea48c2264f1e5998c3ab3df3037903f8fae0caa,4.172,2024-05-12
0x452a7626f587d6811509dc071768168ea763ea3c,2.0,2024-05-12
0x58dc40b5f9f0758ee43b0a208fe362c90fdfad4d,1.0031,2024-05-12
0x5b0a4932dc9e253f9b15fd69f07b68e9874ea794,0.5262,2024-05-12
0xab3fd902e4dad36c6b31e3954a8de14dd829533c,0.5153,2024-05-12
0x644c092a5ccafc425ebf133123299a6397ae97d9,0.5,2024-05-12
0x5b4870014313c808c374f8ed1ab5b78813eb9c7f,0.5,2024-05-12
0x3200c191cc245b3e2de3fd3b3087104f3f313f57,0.5,2024-05-12
0xb086ec4303dc1514c09618c6c68ee444d6eee041,0.2,2024-05-12
0x204a2b6ab6a675d1f82634f92799ced2bdd641a2,0.0506,2024-05-12
0x952dc79bcee652aad8cc9268d9c614fa166d0c1d,0.0111,2024-05-12
0xc739914c461e0a58c460d5cacb764e7eb95b27fc,0.0003,2024-05-12
0xdbb451bfd4e6e461caa2c8bf0dc83346a211c29c,0.0,2024-05-12
0xd277aa6c915955a93ca5711bc9c92233042de7a7,0.0,2024-05-12
0xc241a035bc98128ac3983812a67dfc52ddeae09a,0.0,2024-05-12
0xc1a1bdb7d60b7cb3920787a15a2b583786c52fb6,0.0,2024-05-12
0xc0e23144db36101453ba5c426445ca5bf20f6b71,0.0,2024-05-12
0xb6ca415fc42b3f96641d14280c3f3a0f078e50e5,0.0,2024-05-12
0xa2c669dc868be0a2a8d6c0ad715e17f45035ba76,0.0,2024-05-12
0x62060879dfbb6def3b73cfc48f1f0595c0fed505,0.0,2024-05-12
0x4d8c9c2cd8846533967b07becfc437542196ad6a,0.0,2024-05-12
0x47ecd8e9f8f299ce47e3ab891a874707d70a3af9,0.0,2024-05-12
0x475efac48a0a18660a7a26ee6bd5febf466930f8,0.0,2024-05-12
0x36124cee63ae786eea41bda0fb61b1b946e4c08c,0.0,2024-05-12
0x2070cd766ba0d258081c0d3d027461dd3f6d2fa3,0.0,2024-05-12
0x1dd6c65e6e22f196d5c2209f439d1f07d02ba7a4,0.0,2024-05-12
0x1d71861f54aa6e63add5acfc70e0e4ba9fd9f259,0.0,2024-05-12
0x117b58cc89156b48c302aaa4832a19c1c1aa124c,0.0,2024-05-12
0xb335e8b70f95f28e79acf58491751f83b0050888,20013.1178,2024-05-11
0xa346c2eea05bb32c986ff755b2f19d2f0ba8d14c,18600.0,2024-05-11
0xb18680092734394295d0591bb42f2bd3c184517e,12317.9788,2024-05-11
0x7938b304f1c28e85b6a021251c8ceeff20370f38,12038.694,2024-05-11
0x5fac03e07447c1a3f4ad9a5f778f23c9e1fc4255,9000.0,2024-05-11
0xfe61acc408b63a5a03507a224398fa1fe8143f28,8078.7433,2024-05-11
0xde08aef2b221274231b3547491ec8f0fc80917e1,8050.005,2024-05-11
0x445cb6c63c502fdbebd1b273f6aea1aad691e0aa,8011.5476,2024-05-11
0x69b576a7e193a15a570ee5bb2149deb3f03537a2,8000.5285,2024-05-11
0x911682cb21d7e5bdc75544fb1fcf0fb8e9635acf,2778.0,2024-05-11
0xeb1764cc9577c52f430794e9044f64f1c49dd395,900.3696,2024-05-11
0xc9c17ee58810172622b43b09c9c9ff31e50f5179,500.0,2024-05-11
0x51f3067cb6a1185d1e8316332921d9501fc4c006,100.5,2024-05-11
0x45c52826efa13a6de713528bf42b520c9fa50081,56.3744,2024-05-11
0xfbec297af3f4925966ab295a0771c420a9e85e08,32.3815,2024-05-11
0x8ea48c2264f1e5998c3ab3df3037903f8fae0caa,4.172,2024-05-11
0x452a7626f587d6811509dc071768168ea763ea3c,2.0,2024-05-11
0x58dc40b5f9f0758ee43b0a208fe362c90fdfad4d,1.0031,2024-05-11
0x5b0a4932dc9e253f9b15fd69f07b68e9874ea794,0.5262,2024-05-11
0xab3fd902e4dad36c6b31e3954a8de14dd829533c,0.5153,2024-05-11
0x644c092a5ccafc425ebf133123299a6397ae97d9,0.5,2024-05-11
0x5b4870014313c808c374f8ed1ab5b78813eb9c7f,0.5,2024-05-11
0x3200c191cc245b3e2de3fd3b3087104f3f313f57,0.5,2024-05-11
0xb086ec4303dc1514c09618c6c68ee444d6eee041,0.2,2024-05-11
0x204a2b6ab6a675d1f82634f92799ced2bdd641a2,0.0506,2024-05-11
0x952dc79bcee652aad8cc9268d9c614fa166d0c1d,0.0111,2024-05-11
0xdbb451bfd4e6e461caa2c8bf0dc83346a211c29c,0.0,2024-05-11
0xd277aa6c915955a93ca5711bc9c92233042de7a7,0.0,2024-05-11
0xc739914c461e0a58c460d5cacb764e7eb95b27fc,0.0,2024-05-11
0xc241a035bc98128ac3983812a67dfc52ddeae09a,0.0,2024-05-11
0xc1a1bdb7d60b7cb3920787a15a2b583786c52fb6,0.0,2024-05-11
0xc0e23144db36101453ba5c426445ca5bf20f6b71,0.0,2024-05-11
0xb6ca415fc42b3f96641d14280c3f3a0f078e50e5,0.0,2024-05-11
0xa2c669dc868be0a2a8d6c0ad715e17f45035ba76,0.0,2024-05-11
0x62060879dfbb6def3b73cfc48f1f0595c0fed505,0.0,2024-05-11
0x4d8c9c2cd8846533967b07becfc437542196ad6a,0.0,2024-05-11
0x47ecd8e9f8f299ce47e3ab891a874707d70a3af9,0.0,2024-05-11
0x475efac48a0a18660a7a26ee6bd5febf466930f8,0.0,2024-05-11
0x36124cee63ae786eea41bda0fb61b1b946e4c08c,0.0,2024-05-11
0x2070cd766ba0d258081c0d3d027461dd3f6d2fa3,0.0,2024-05-11
0x1dd6c65e6e22f196d5c2209f439d1f07d02ba7a4,0.0,2024-05-11
0x1d71861f54aa6e63add5acfc70e0e4ba9fd9f259,0.0,2024-05-11
0x117b58cc89156b48c302aaa4832a19c1c1aa124c,0.0,2024-05-11
0xb335e8b70f95f28e79acf58491751f83b0050888,20013.1178,2024-05-10
0xa346c2eea05bb32c986ff755b2f19d2f0ba8d14c,18600.0,2024-05-10
0xb18680092734394295d0591bb42f2bd3c184517e,12317.9788,2024-05-10
0x7938b304f1c28e85b6a021251c8ceeff20370f38,12038.694,2024-05-10
0x5fac03e07447c1a3f4ad9a5f778f23c9e1fc4255,9000.0,2024-05-10
0xfe61acc408b63a5a03507a224398fa1fe8143f28,8078.7433,2024-05-10
0xde08aef2b221274231b3547491ec8f0fc80917e1,8050.005,2024-05-10
0x445cb6c63c502fdbebd1b273f6aea1aad691e0aa,8011.5476,2024-05-10
0x69b576a7e193a15a570ee5bb2149deb3f03537a2,8000.5285,2024-05-10
0x911682cb21d7e5bdc75544fb1fcf0fb8e9635acf,2778.0,2024-05-10
0xeb1764cc9577c52f430794e9044f64f1c49dd395,900.3696,2024-05-10
0xc9c17ee58810172622b43b09c9c9ff31e50f5179,500.0,2024-05-10
0x51f3067cb6a1185d1e8316332921d9501fc4c006,100.5,2024-05-10
0x45c52826efa13a6de713528bf42b520c9fa50081,56.3744,2024-05-10
0xfbec297af3f4925966ab295a0771c420a9e85e08,32.3815,2024-05-10
0x8ea48c2264f1e5998c3ab3df3037903f8fae0caa,4.172,2024-05-10
0x452a7626f587d6811509dc071768168ea763ea3c,2.0,2024-05-10
0x58dc40b5f9f0758ee43b0a208fe362c90fdfad4d,1.0031,2024-05-10
0x5b0a4932dc9e253f9b15fd69f07b68e9874ea794,0.5262,2024-05-10
0xab3fd902e4dad36c6b31e3954a8de14dd829533c,0.5153,2024-05-10
0x644c092a5ccafc425ebf133123299a6397ae97d9,0.5,2024-05-10
0x5b4870014313c808c374f8ed1ab5b78813eb9c7f,0.5,2024-05-10
0x3200c191cc245b3e2de3fd3b3087104f3f313f57,0.5,2024-05-10
0xb086ec4303dc1514c09618c6c68ee444d6eee041,0.2,2024-05-10
0x204a2b6ab6a675d1f82634f92799ced2bdd641a2,0.0506,2024-05-10
0x952dc79bcee652aad8cc9268d9c614fa166d0c1d,0.0111,2024-05-10
0xdbb451bfd4e6e461caa2c8bf0dc83346a211c29c,0.0,2024-05-10
0xd277aa6c915955a93ca5711bc9c92233042de7a7,0.0,2024-05-10
0xc739914c461e0a58c460d5cacb764e7eb95b27fc,0.0,2024-05-10
0xc241a035bc98128ac3983812a67dfc52ddeae09a,0.0,2024-05-10
0xc1a1bdb7d60b7cb3920787a15a2b583786c52fb6,0.0,2024-05-10
0xc0e23144db36101453ba5c426445ca5bf20f6b71,0.0,2024-05-10
0xb6ca415fc42b3f96641d14280c3f3a0f078e50e5,0.0,2024-05-10
0xa2c669dc868be0a2a8d6c0ad715e17f45035ba76,0.0,2024-05-10
0x62060879dfbb6def3b73cfc48f1f0595c0fed505,0.0,2024-05-10
0x4d8c9c2cd8846533967b07becfc437542196ad6a,0.0,2024-05-10
0x47ecd8e9f8f299ce47e3ab891a874707d70a3af9,0.0,2024-05-10
0x475efac48a0a18660a7a26ee6bd5febf466930f8,0.0,2024-05-10
0x36124cee63ae786eea41bda0fb61b1b946e4c08c,0.0,2024-05-10
0x2070cd766ba0d258081c0d3d027461dd3f6d2fa3,0.0,2024-05-10
0x1dd6c65e6e22f196d5c2209f439d1f07d02ba7a4,0.0,2024-05-10
0x1d71861f54aa6e63add5acfc70e0e4ba9fd9f259,0.0,2024-05-10
0x117b58cc89156b48c302aaa4832a19c1c1aa124c,0.0,2024-05-10
0xb335e8b70f95f28e79acf58491751f83b0050888,20013.1178,2024-05-09
0xa346c2eea05bb32c986ff755b2f19d2f0ba8d14c,18600.0,2024-05-09
0xb18680092734394295d0591bb42f2bd3c184517e,12317.9788,2024-05-09
0x7938b304f1c28e85b6a021251c8ceeff20370f38,12038.694,2024-05-09
0x5fac03e07447c1a3f4ad9a5f778f23c9e1fc4255,9000.0,2024-05-09
0xfe61acc408b63a5a03507a224398fa1fe8143f28,8078.7433,2024-05-09
0x445cb6c63c502fdbebd1b273f6aea1aad691e0aa,8011.5476,2024-05-09
0x69b576a7e193a15a570ee5bb2149deb3f03537a2,8000.5285,2024-05-09
0xde08aef2b221274231b3547491ec8f0fc80917e1,8000.005,2024-05-09
0x911682cb21d7e5bdc75544fb1fcf0fb8e9635acf,2778.0,2024-05-09
0xeb1764cc9577c52f430794e9044f64f1c49dd395,900.3696,2024-05-09
0xc9c17ee58810172622b43b09c9c9ff31e50f5179,500.0,2024-05-09
0x51f3067cb6a1185d1e8316332921d9501fc4c006,100.5,2024-05-09
0x45c52826efa13a6de713528bf42b520c9fa50081,56.3744,2024-05-09
0xfbec297af3f4925966ab295a0771c420a9e85e08,32.3815,2024-05-09
0x8ea48c2264f1e5998c3ab3df3037903f8fae0caa,4.172,2024-05-09
0x452a7626f587d6811509dc071768168ea763ea3c,2.0,2024-05-09
0x58dc40b5f9f0758ee43b0a208fe362c90fdfad4d,1.0031,2024-05-09
0x5b0a4932dc9e253f9b15fd69f07b68e9874ea794,0.5262,2024-05-09
0xab3fd902e4dad36c6b31e3954a8de14dd829533c,0.5153,2024-05-09
0x644c092a5ccafc425ebf133123299a6397ae97d9,0.5,2024-05-09
0x5b4870014313c808c374f8ed1ab5b78813eb9c7f,0.5,2024-05-09
0x3200c191cc245b3e2de3fd3b3087104f3f313f57,0.5,2024-05-09
0xb086ec4303dc1514c09618c6c68ee444d6eee041,0.2,2024-05-09
0x204a2b6ab6a675d1f82634f92799ced2bdd641a2,0.0506,2024-05-09
0x952dc79bcee652aad8cc9268d9c614fa166d0c1d,0.0111,2024-05-09
0xdbb451bfd4e6e461caa2c8bf0dc83346a211c29c,0.0,2024-05-09
0xd277aa6c915955a93ca5711bc9c92233042de7a7,0.0,2024-05-09
0xc739914c461e0a58c460d5cacb764e7eb95b27fc,0.0,2024-05-09
0xc241a035bc98128ac3983812a67dfc52ddeae09a,0.0,2024-05-09
0xc1a1bdb7d60b7cb3920787a15a2b583786c52fb6,0.0,2024-05-09
0xc0e23144db36101453ba5c426445ca5bf20f6b71,0.0,2024-05-09
0xb6ca415fc42b3f96641d14280c3f3a0f078e50e5,0.0,2024-05-09
0xa2c669dc868be0a2a8d6c0ad715e17f45035ba76,0.0,2024-05-09
0x62060879dfbb6def3b73cfc48f1f0595c0fed505,0.0,2024-05-09
0x4d8c9c2cd8846533967b07becfc437542196ad6a,0.0,2024-05-09
0x47ecd8e9f8f299ce47e3ab891a874707d70a3af9,0.0,2024-05-09
0x475efac48a0a18660a7a26ee6bd5febf466930f8,0.0,2024-05-09
0x36124cee63ae786eea41bda0fb61b1b946e4c08c,0.0,2024-05-09
0x2070cd766ba0d258081c0d3d027461dd3f6d2fa3,0.0,2024-05-09
0x1dd6c65e6e22f196d5c2209f439d1f07d02ba7a4,0.0,2024-05-09
0x1d71861f54aa6e63add5acfc70e0e4ba9fd9f259,0.0,2024-05-09
0x117b58cc89156b48c302aaa4832a19c1c1aa124c,0.0,2024-05-09
0xb335e8b70f95f28e79acf58491751f83b0050888,20013.1178,2024-05-08
0xa346c2eea05bb32c986ff755b2f19d2f0ba8d14c,18600.0,2024-05-08
0xb18680092734394295d0591bb42f2bd3c184517e,12317.9788,2024-05-08
0x7938b304f1c28e85b6a021251c8ceeff20370f38,12038.694,2024-05-08
0x5fac03e07447c1a3f4ad9a5f778f23c9e1fc4255,9000.0,2024-05-08
0xfe61acc408b63a5a03507a224398fa1fe8143f28,8078.7433,2024-05-08
0x445cb6c63c502fdbebd1b273f6aea1aad691e0aa,8011.5476,2024-05-08
0x69b576a7e193a15a570ee5bb2149deb3f03537a2,8000.5285,2024-05-08
0xde08aef2b221274231b3547491ec8f0fc80917e1,8000.005,2024-05-08
0x911682cb21d7e5bdc75544fb1fcf0fb8e9635acf,2778.0,2024-05-08
0xeb1764cc9577c52f430794e9044f64f1c49dd395,900.3696,2024-05-08
0xc9c17ee58810172622b43b09c9c9ff31e50f5179,500.0,2024-05-08
0x51f3067cb6a1185d1e8316332921d9501fc4c006,100.5,2024-05-08
0x45c52826efa13a6de713528bf42b520c9fa50081,56.3744,2024-05-08
0xfbec297af3f4925966ab295a0771c420a9e85e08,32.3815,2024-05-08
0x8ea48c2264f1e5998c3ab3df3037903f8fae0caa,4.172,2024-05-08
0x452a7626f587d6811509dc071768168ea763ea3c,2.0,2024-05-08
0x58dc40b5f9f0758ee43b0a208fe362c90fdfad4d,1.0031,2024-05-08
0x5b0a4932dc9e253f9b15fd69f07b68e9874ea794,0.5262,2024-05-08
0xab3fd902e4dad36c6b31e3954a8de14dd829533c,0.5153,2024-05-08
0x644c092a5ccafc425ebf133123299a6397ae97d9,0.5,2024-05-08
0x5b4870014313c808c374f8ed1ab5b78813eb9c7f,0.5,2024-05-08
0x3200c191cc245b3e2de3fd3b3087104f3f313f57,0.5,2024-05-08
0xb086ec4303dc1514c09618c6c68ee444d6eee041,0.2,2024-05-08
0x204a2b6ab6a675d1f82634f92799ced2bdd641a2,0.0506,2024-05-08
0x952dc79bcee652aad8cc9268d9c614fa166d0c1d,0.0111,2024-05-08
0xdbb451bfd4e6e461caa2c8bf0dc83346a211c29c,0.0,2024-05-08
0xd277aa6c915955a93ca5711bc9c92233042de7a7,0.0,2024-05-08
0xc739914c461e0a58c460d5cacb764e7eb95b27fc,0.0,2024-05-08
0xc241a035bc98128ac3983812a67dfc52ddeae09a,0.0,2024-05-08
0xc1a1bdb7d60b7cb3920787a15a2b583786c52fb6,0.0,2024-05-08
0xc0e23144db36101453ba5c426445ca5bf20f6b71,0.0,2024-05-08
0xb6ca415fc42b3f96641d14280c3f3a0f078e50e5,0.0,2024-05-08
0xa2c669dc868be0a2a8d6c0ad715e17f45035ba76,0.0,2024-05-08
0x62060879dfbb6def3b73cfc48f1f0595c0fed505,0.0,2024-05-08
0x4d8c9c2cd8846533967b07becfc437542196ad6a,0.0,2024-05-08
0x47ecd8e9f8f299ce47e3ab891a874707d70a3af9,0.0,2024-05-08
0x475efac48a0a18660a7a26ee6bd5febf466930f8,0.0,2024-05-08
0x36124cee63ae786eea41bda0fb61b1b946e4c08c,0.0,2024-05-08
0x2070cd766ba0d258081c0d3d027461dd3f6d2fa3,0.0,2024-05-08
0x1dd6c65e6e22f196d5c2209f439d1f07d02ba7a4,0.0,2024-05-08
0x1d71861f54aa6e63add5acfc70e0e4ba9fd9f259,0.0,2024-05-08
0x117b58cc89156b48c302aaa4832a19c1c1aa124c,0.0,2024-05-08
0xb335e8b70f95f28e79acf58491751f83b0050888,20013.1178,2024-05-07
0xa346c2eea05bb32c986ff755b2f19d2f0ba8d14c,18600.0,2024-05-07
0xb18680092734394295d0591bb42f2bd3c184517e,12317.9788,2024-05-07
0x7938b304f1c28e85b6a021251c8ceeff20370f38,12038.694,2024-05-07
0x5fac03e07447c1a3f4ad9a5f778f23c9e1fc4255,9000.0,2024-05-07
0xfe61acc408b63a5a03507a224398fa1fe8143f28,8078.7433,2024-05-07
0x445cb6c63c502fdbebd1b273f6aea1aad691e0aa,8011.5476,2024-05-07
0x69b576a7e193a15a570ee5bb2149deb3f03537a2,8000.5285,2024-05-07
0xde08aef2b221274231b3547491ec8f0fc80917e1,8000.005,2024-05-07
0x911682cb21d7e5bdc75544fb1fcf0fb8e9635acf,2778.0,2024-05-07
0xeb1764cc9577c52f430794e9044f64f1c49dd395,900.3696,2024-05-07
0xc9c17ee58810172622b43b09c9c9ff31e50f5179,500.0,2024-05-07
0x51f3067cb6a1185d1e8316332921d9501fc4c006,100.5,2024-05-07
0x45c52826efa13a6de713528bf42b520c9fa50081,56.3744,2024-05-07
0xfbec297af3f4925966ab295a0771c420a9e85e08,32.3815,2024-05-07
0x8ea48c2264f1e5998c3ab3df3037903f8fae0caa,4.172,2024-05-07
0x452a7626f587d6811509dc071768168ea763ea3c,2.0,2024-05-07
0x58dc40b5f9f0758ee43b0a208fe362c90fdfad4d,1.0031,2024-05-07
0x5b0a4932dc9e253f9b15fd69f07b68e9874ea794,0.5262,2024-05-07
0xab3fd902e4dad36c6b31e3954a8de14dd829533c,0.5153,2024-05-07
0x644c092a5ccafc425ebf133123299a6397ae97d9,0.5,2024-05-07
0x5b4870014313c808c374f8ed1ab5b78813eb9c7f,0.5,2024-05-07
0x3200c191cc245b3e2de3fd3b3087104f3f313f57,0.5,2024-05-07
0xb086ec4303dc1514c09618c6c68ee444d6eee041,0.2,2024-05-07
0x204a2b6ab6a675d1f82634f92799ced2bdd641a2,0.0506,2024-05-07
0x952dc79bcee652aad8cc9268d9c614fa166d0c1d,0.0111,2024-05-07
0xdbb451bfd4e6e461caa2c8bf0dc83346a211c29c,0.0,2024-05-07
0xd277aa6c915955a93ca5711bc9c92233042de7a7,0.0,2024-05-07
0xc739914c461e0a58c460d5cacb764e7eb95b27fc,0.0,2024-05-07
0xc241a035bc98128ac3983812a67dfc52ddeae09a,0.0,2024-05-07
0xc1a1bdb7d60b7cb3920787a15a2b583786c52fb6,0.0,2024-05-07
0xc0e23144db36101453ba5c426445ca5bf20f6b71,0.0,2024-05-07
0xb6ca415fc42b3f96641d14280c3f3a0f078e50e5,0.0,2024-05-07
0xa2c669dc868be0a2a8d6c0ad715e17f45035ba76,0.0,2024-05-07
0x62060879dfbb6def3b73cfc48f1f0595c0fed505,0.0,2024-05-07
0x4d8c9c2cd8846533967b07becfc437542196ad6a,0.0,2024-05-07
0x47ecd8e9f8f299ce47e3ab891a874707d70a3af9,0.0,2024-05-07
0x475efac48a0a18660a7a26ee6bd5febf466930f8,0.0,2024-05-07
0x36124cee63ae786eea41bda0fb61b1b946e4c08c,0.0,2024-05-07
0x2070cd766ba0d258081c0d3d027461dd3f6d2fa3,0.0,2024-05-07
0x1dd6c65e6e22f196d5c2209f439d1f07d02ba7a4,0.0,2024-05-07
0x1d71861f54aa6e63add5acfc70e0e4ba9fd9f259,0.0,2024-05-07
0x117b58cc89156b48c302aaa4832a19c1c1aa124c,0.0,2024-05-07
0xb335e8b70f95f28e79acf58491751f83b0050888,20013.1178,2024-05-06
0xa346c2eea05bb32c986ff755b2f19d2f0ba8d14c,18600.0,2024-05-06
0xb18680092734394295d0591bb42f2bd3c184517e,12317.9788,2024-05-06
0x7938b304f1c28e85b6a021251c8ceeff20370f38,12038.694,2024-05-06
0x5fac03e07447c1a3f4ad9a5f778f23c9e1fc4255,9000.0,2024-05-06
0xfe61acc408b63a5a03507a224398fa1fe8143f28,8078.7433,2024-05-06
0x445cb6c63c502fdbebd1b273f6aea1aad691e0aa,8011.5476,2024-05-06
0x69b576a7e193a15a570ee5bb2149deb3f03537a2,8000.5285,2024-05-06
0xde08aef2b221274231b3547491ec8f0fc80917e1,8000.005,2024-05-06
0x911682cb21d7e5bdc75544fb1fcf0fb8e9635acf,2778.0,2024-05-06
0xeb1764cc9577c52f430794e9044f64f1c49dd395,900.3696,2024-05-06
0xc9c17ee58810172622b43b09c9c9ff31e50f5179,500.0,2024-05-06
0x51f3067cb6a1185d1e8316332921d9501fc4c006,100.5,2024-05-06
0x45c52826efa13a6de713528bf42b520c9fa50081,56.3744,2024-05-06
0xfbec297af3f4925966ab295a0771c420a9e85e08,32.3815,2024-05-06
0x8ea48c2264f1e5998c3ab3df3037903f8fae0caa,4.172,2024-05-06
0x452a7626f587d6811509dc071768168ea763ea3c,2.0,2024-05-06
0x58dc40b5f9f0758ee43b0a208fe362c90fdfad4d,1.0031,2024-05-06
0x5b0a4932dc9e253f9b15fd69f07b68e9874ea794,0.5262,2024-05-06
0xab3fd902e4dad36c6b31e3954a8de14dd829533c,0.5153,2024-05-06
0x644c092a5ccafc425ebf133123299a6397ae97d9,0.5,2024-05-06
0x5b4870014313c808c374f8ed1ab5b78813eb9c7f,0.5,2024-05-06
0x3200c191cc245b3e2de3fd3b3087104f3f313f57,0.5,2024-05-06
0xb086ec4303dc1514c09618c6c68ee444d6eee041,0.2,2024-05-06
0x204a2b6ab6a675d1f82634f92799ced2bdd641a2,0.0506,2024-05-06
0x952dc79bcee652aad8cc9268d9c614fa166d0c1d,0.0111,2024-05-06
0xdbb451bfd4e6e461caa2c8bf0dc83346a211c29c,0.0,2024-05-06
0xd277aa6c915955a93ca5711bc9c92233042de7a7,0.0,2024-05-06
0xc739914c461e0a58c460d5cacb764e7eb95b27fc,0.0,2024-05-06
0xc241a035bc98128ac3983812a67dfc52ddeae09a,0.0,2024-05-06
0xc1a1bdb7d60b7cb3920787a15a2b583786c52fb6,0.0,2024-05-06
0xc0e23144db36101453ba5c426445ca5bf20f6b71,0.0,2024-05-06
0xb6ca415fc42b3f96641d14280c3f3a0f078e50e5,0.0,2024-05-06
0xa2c669dc868be0a2a8d6c0ad715e17f45035ba76,0.0,2024-05-06
0x62060879dfbb6def3b73cfc48f1f0595c0fed505,0.0,2024-05-06
0x4d8c9c2cd8846533967b07becfc437542196ad6a,0.0,2024-05-06
0x47ecd8e9f8f299ce47e3ab891a874707d70a3af9,0.0,2024-05-06
0x475efac48a0a18660a7a26ee6bd5febf466930f8,0.0,2024-05-06
0x36124cee63ae786eea41bda0fb61b1b946e4c08c,0.0,2024-05-06
0x2070cd766ba0d258081c0d3d027461dd3f6d2fa3,0.0,2024-05-06
0x1dd6c65e6e22f196d5c2209f439d1f07d02ba7a4,0.0,2024-05-06
0x1d71861f54aa6e63add5acfc70e0e4ba9fd9f259,0.0,2024-05-06
0x117b58cc89156b48c302aaa4832a19c1c1aa124c,0.0,2024-05-06
0xb335e8b70f95f28e79acf58491751f83b0050888,20013.1178,2024-05-05
0xa346c2eea05bb32c986ff755b2f19d2f0ba8d14c,18600.0,2024-05-05
0xb18680092734394295d0591bb42f2bd3c184517e,12317.9788,2024-05-05
0x7938b304f1c28e85b6a021251c8ceeff20370f38,12038.694,2024-05-05
0x5fac03e07447c1a3f4ad9a5f778f23c9e1fc4255,9000.0,2024-05-05
0xfe61acc408b63a5a03507a224398fa1fe8143f28,8078.7433,2024-05-05
0x445cb6c63c502fdbebd1b273f6aea1aad691e0aa,8011.5476,2024-05-05
0x69b576a7e193a15a570ee5bb2149deb3f03537a2,8000.5285,2024-05-05
0xde08aef2b221274231b3547491ec8f0fc80917e1,8000.005,2024-05-05
0x911682cb21d7e5bdc75544fb1fcf0fb8e9635acf,2778.0,2024-05-05
0xeb1764cc9577c52f430794e9044f64f1c49dd395,900.3696,2024-05-05
0xc9c17ee58810172622b43b09c9c9ff31e50f5179,500.0,2024-05-05
0x51f3067cb6a1185d1e8316332921d9501fc4c006,100.5,2024-05-05
0x45c52826efa13a6de713528bf42b520c9fa50081,56.3744,2024-05-05
0xfbec297af3f4925966ab295a0771c420a9e85e08,32.3815,2024-05-05
0x8ea48c2264f1e5998c3ab3df3037903f8fae0caa,4.172,2024-05-05
0x452a7626f587d6811509dc071768168ea763ea3c,2.0,2024-05-05
0x58dc40b5f9f0758ee43b0a208fe362c90fdfad4d,1.0031,2024-05-05
0x5b0a4932dc9e253f9b15fd69f07b68e9874ea794,0.5262,2024-05-05
0xab3fd902e4dad36c6b31e3954a8de14dd829533c,0.5153,2024-05-05
0x644c092a5ccafc425ebf133123299a6397ae97d9,0.5,2024-05-05
0x5b4870014313c808c374f8ed1ab5b78813eb9c7f,0.5,2024-05-05
0x3200c191cc245b3e2de3fd3b3087104f3f313f57,0.5,2024-05-05
0xb086ec4303dc1514c09618c6c68ee444d6eee041,0.2,2024-05-05
0x204a2b6ab6a675d1f82634f92799ced2bdd641a2,0.0506,2024-05-05
0x952dc79bcee652aad8cc9268d9c614fa166d0c1d,0.0111,2024-05-05
0xdbb451bfd4e6e461caa2c8bf0dc83346a211c29c,0.0,2024-05-05
0xd277aa6c915955a93ca5711bc9c92233042de7a7,0.0,2024-05-05
0xc739914c461e0a58c460d5cacb764e7eb95b27fc,0.0,2024-05-05
0xc241a035bc98128ac3983812a67dfc52ddeae09a,0.0,2024-05-05
0xc1a1bdb7d60b7cb3920787a15a2b583786c52fb6,0.0,2024-05-05
0xc0e23144db36101453ba5c426445ca5bf20f6b71,0.0,2024-05-05
0xb6ca415fc42b3f96641d14280c3f3a0f078e50e5,0.0,2024-05-05
0xa2c669dc868be0a2a8d6c0ad715e17f45035ba76,0.0,2024-05-05
0x62060879dfbb6def3b73cfc48f1f0595c0fed505,0.0,2024-05-05
0x4d8c9c2cd8846533967b07becfc437542196ad6a,0.0,2024-05-05
0x47ecd8e9f8f299ce47e3ab891a874707d70a3af9,0.0,2024-05-05
0x475efac48a0a18660a7a26ee6bd5febf466930f8,0.0,2024-05-05
0x36124cee63ae786eea41bda0fb61b1b946e4c08c,0.0,2024-05-05
0x2070cd766ba0d258081c0d3d027461dd3f6d2fa3,0.0,2024-05-05
0x1dd6c65e6e22f196d5c2209f439d1f07d02ba7a4,0.0,2024-05-05
0x1d71861f54aa6e63add5acfc70e0e4ba9fd9f259,0.0,2024-05-05
0x117b58cc89156b48c302aaa4832a19c1c1aa124c,0.0,2024-05-05
0xb335e8b70f95f28e79acf58491751f83b0050888,20013.1178,2024-05-04
0xa346c2eea05bb32c986ff755b2f19d2f0ba8d14c,18600.0,2024-05-04
0xb18680092734394295d0591bb42f2bd3c184517e,12317.9788,2024-05-04
0x7938b304f1c28e85b6a021251c8ceeff20370f38,12038.694,2024-05-04
0x5fac03e07447c1a3f4ad9a5f778f23c9e1fc4255,9000.0,2024-05-04
0x69b576a7e193a15a570ee5bb2149deb3f03537a2,8100.5285,2024-05-04
0xfe61acc408b63a5a03507a224398fa1fe8143f28,8078.7433,2024-05-04
0x445cb6c63c502fdbebd1b273f6aea1aad691e0aa,8011.5476,2024-05-04
0xde08aef2b221274231b3547491ec8f0fc80917e1,8000.005,2024-05-04
0x911682cb21d7e5bdc75544fb1fcf0fb8e9635acf,2778.0,2024-05-04
0xeb1764cc9577c52f430794e9044f64f1c49dd395,900.3696,2024-05-04
0xc9c17ee58810172622b43b09c9c9ff31e50f5179,500.0,2024-05-04
0x45c52826efa13a6de713528bf42b520c9fa50081,56.3744,2024-05-04
0xfbec297af3f4925966ab295a0771c420a9e85e08,32.3815,2024-05-04
0x8ea48c2264f1e5998c3ab3df3037903f8fae0caa,4.172,2024-05-04
0x452a7626f587d6811509dc071768168ea763ea3c,2.0,2024-05-04
0x58dc40b5f9f0758ee43b0a208fe362c90fdfad4d,1.0031,2024-05-04
0x5b0a4932dc9e253f9b15fd69f07b68e9874ea794,0.5262,2024-05-04
0xab3fd902e4dad36c6b31e3954a8de14dd829533c,0.5153,2024-05-04
0x644c092a5ccafc425ebf133123299a6397ae97d9,0.5,2024-05-04
0x5b4870014313c808c374f8ed1ab5b78813eb9c7f,0.5,2024-05-04
0x51f3067cb6a1185d1e8316332921d9501fc4c006,0.5,2024-05-04
0x3200c191cc245b3e2de3fd3b3087104f3f313f57,0.5,2024-05-04
0xb086ec4303dc1514c09618c6c68ee444d6eee041,0.2,2024-05-04
0x204a2b6ab6a675d1f82634f92799ced2bdd641a2,0.0506,2024-05-04
0x952dc79bcee652aad8cc9268d9c614fa166d0c1d,0.0111,2024-05-04
0xdbb451bfd4e6e461caa2c8bf0dc83346a211c29c,0.0,2024-05-04
0xd277aa6c915955a93ca5711bc9c92233042de7a7,0.0,2024-05-04
0xc739914c461e0a58c460d5cacb764e7eb95b27fc,0.0,2024-05-04
0xc241a035bc98128ac3983812a67dfc52ddeae09a,0.0,2024-05-04
0xc1a1bdb7d60b7cb3920787a15a2b583786c52fb6,0.0,2024-05-04
0xc0e23144db36101453ba5c426445ca5bf20f6b71,0.0,2024-05-04
0xb6ca415fc42b3f96641d14280c3f3a0f078e50e5,0.0,2024-05-04
0xa2c669dc868be0a2a8d6c0ad715e17f45035ba76,0.0,2024-05-04
0x62060879dfbb6def3b73cfc48f1f0595c0fed505,0.0,2024-05-04
0x4d8c9c2cd8846533967b07becfc437542196ad6a,0.0,2024-05-04
0x47ecd8e9f8f299ce47e3ab891a874707d70a3af9,0.0,2024-05-04
0x475efac48a0a18660a7a26ee6bd5febf466930f8,0.0,2024-05-04
0x36124cee63ae786eea41bda0fb61b1b946e4c08c,0.0,2024-05-04
0x2070cd766ba0d258081c0d3d027461dd3f6d2fa3,0.0,2024-05-04
0x1dd6c65e6e22f196d5c2209f439d1f07d02ba7a4,0.0,2024-05-04
0x1d71861f54aa6e63add5acfc70e0e4ba9fd9f259,0.0,2024-05-04
0x117b58cc89156b48c302aaa4832a19c1c1aa124c,0.0,2024-05-04
0xb335e8b70f95f28e79acf58491751f83b0050888,20013.1178,2024-05-03
0xb18680092734394295d0591bb42f2bd3c184517e,12317.9788,2024-05-03
0x7938b304f1c28e85b6a021251c8ceeff20370f38,12038.694,2024-05-03
0x5fac03e07447c1a3f4ad9a5f778f23c9e1fc4255,9000.0,2024-05-03
0xa346c2eea05bb32c986ff755b2f19d2f0ba8d14c,8600.0,2024-05-03
0x69b576a7e193a15a570ee5bb2149deb3f03537a2,8100.5285,2024-05-03
0xfe61acc408b63a5a03507a224398fa1fe8143f28,8078.7433,2024-05-03
0x445cb6c63c502fdbebd1b273f6aea1aad691e0aa,8011.5476,2024-05-03
0x58dc40b5f9f0758ee43b0a208fe362c90fdfad4d,8001.0031,2024-05-03
0xde08aef2b221274231b3547491ec8f0fc80917e1,8000.005,2024-05-03
0x911682cb21d7e5bdc75544fb1fcf0fb8e9635acf,2778.0,2024-05-03
0xeb1764cc9577c52f430794e9044f64f1c49dd395,900.3696,2024-05-03
0xc9c17ee58810172622b43b09c9c9ff31e50f5179,500.0,2024-05-03
0x45c52826efa13a6de713528bf42b520c9fa50081,56.3744,2024-05-03
0xfbec297af3f4925966ab295a0771c420a9e85e08,32.3815,2024-05-03
0x8ea48c2264f1e5998c3ab3df3037903f8fae0caa,4.172,2024-05-03
0x452a7626f587d6811509dc071768168ea763ea3c,2.0,2024-05-03
0x5b0a4932dc9e253f9b15fd69f07b68e9874ea794,0.5262,2024-05-03
0xab3fd902e4dad36c6b31e3954a8de14dd829533c,0.5153,2024-05-03
0x644c092a5ccafc425ebf133123299a6397ae97d9,0.5,2024-05-03
0x5b4870014313c808c374f8ed1ab5b78813eb9c7f,0.5,2024-05-03
0x51f3067cb6a1185d1e8316332921d9501fc4c006,0.5,2024-05-03
0x3200c191cc245b3e2de3fd3b3087104f3f313f57,0.5,2024-05-03
0xb086ec4303dc1514c09618c6c68ee444d6eee041,0.2,2024-05-03
0x204a2b6ab6a675d1f82634f92799ced2bdd641a2,0.0506,2024-05-03
0x952dc79bcee652aad8cc9268d9c614fa166d0c1d,0.0111,2024-05-03
0xdbb451bfd4e6e461caa2c8bf0dc83346a211c29c,0.0,2024-05-03
0xd277aa6c915955a93ca5711bc9c92233042de7a7,0.0,2024-05-03
0xc739914c461e0a58c460d5cacb764e7eb95b27fc,0.0,2024-05-03
0xc241a035bc98128ac3983812a67dfc52ddeae09a,0.0,2024-05-03
0xc1a1bdb7d60b7cb3920787a15a2b583786c52fb6,0.0,2024-05-03
0xc0e23144db36101453ba5c426445ca5bf20f6b71,0.0,2024-05-03
0xb6ca415fc42b3f96641d14280c3f3a0f078e50e5,0.0,2024-05-03
0xa2c669dc868be0a2a8d6c0ad715e17f45035ba76,0.0,2024-05-03
0x62060879dfbb6def3b73cfc48f1f0595c0fed505,0.0,2024-05-03
0x4d8c9c2cd8846533967b07becfc437542196ad6a,0.0,2024-05-03
0x47ecd8e9f8f299ce47e3ab891a874707d70a3af9,0.0,2024-05-03
0x475efac48a0a18660a7a26ee6bd5febf466930f8,0.0,2024-05-03
0x36124cee63ae786eea41bda0fb61b1b946e4c08c,0.0,2024-05-03
0x2070cd766ba0d258081c0d3d027461dd3f6d2fa3,0.0,2024-05-03
0x1dd6c65e6e22f196d5c2209f439d1f07d02ba7a4,0.0,2024-05-03
0x1d71861f54aa6e63add5acfc70e0e4ba9fd9f259,0.0,2024-05-03
0x117b58cc89156b48c302aaa4832a19c1c1aa124c,0.0,2024-05-03
0xb335e8b70f95f28e79acf58491751f83b0050888,20013.1178,2024-05-02
0xb18680092734394295d0591bb42f2bd3c184517e,12317.9788,2024-05-02
0x7938b304f1c28e85b6a021251c8ceeff20370f38,12038.694,2024-05-02
0x5fac03e07447c1a3f4ad9a5f778f23c9e1fc4255,9000.0,2024-05-02
0xa346c2eea05bb32c986ff755b2f19d2f0ba8d14c,8600.0,2024-05-02
0x69b576a7e193a15a570ee5bb2149deb3f03537a2,8100.5285,2024-05-02
0xfe61acc408b63a5a03507a224398fa1fe8143f28,8078.7433,2024-05-02
0x445cb6c63c502fdbebd1b273f6aea1aad691e0aa,8011.5476,2024-05-02
0x58dc40b5f9f0758ee43b0a208fe362c90fdfad4d,8001.0031,2024-05-02
0xde08aef2b221274231b3547491ec8f0fc80917e1,8000.005,2024-05-02
0x911682cb21d7e5bdc75544fb1fcf0fb8e9635acf,2778.0,2024-05-02
0xeb1764cc9577c52f430794e9044f64f1c49dd395,900.3696,2024-05-02
0xc9c17ee58810172622b43b09c9c9ff31e50f5179,500.0,2024-05-02
0x45c52826efa13a6de713528bf42b520c9fa50081,56.3744,2024-05-02
0xfbec297af3f4925966ab295a0771c420a9e85e08,32.3815,2024-05-02
0x8ea48c2264f1e5998c3ab3df3037903f8fae0caa,4.172,2024-05-02
0x452a7626f587d6811509dc071768168ea763ea3c,2.0,2024-05-02
0x5b0a4932dc9e253f9b15fd69f07b68e9874ea794,0.5262,2024-05-02
0xab3fd902e4dad36c6b31e3954a8de14dd829533c,0.5153,2024-05-02
0x644c092a5ccafc425ebf133123299a6397ae97d9,0.5,2024-05-02
0x5b4870014313c808c374f8ed1ab5b78813eb9c7f,0.5,2024-05-02
0x51f3067cb6a1185d1e8316332921d9501fc4c006,0.5,2024-05-02
0x3200c191cc245b3e2de3fd3b3087104f3f313f57,0.5,2024-05-02
0xb086ec4303dc1514c09618c6c68ee444d6eee041,0.2,2024-05-02
0x204a2b6ab6a675d1f82634f92799ced2bdd641a2,0.0506,2024-05-02
0x952dc79bcee652aad8cc9268d9c614fa166d0c1d,0.0111,2024-05-02
0xdbb451bfd4e6e461caa2c8bf0dc83346a211c29c,0.0,2024-05-02
0xd277aa6c915955a93ca5711bc9c92233042de7a7,0.0,2024-05-02
0xc739914c461e0a58c460d5cacb764e7eb95b27fc,0.0,2024-05-02
0xc241a035bc98128ac3983812a67dfc52ddeae09a,0.0,2024-05-02
0xc1a1bdb7d60b7cb3920787a15a2b583786c52fb6,0.0,2024-05-02
0xc0e23144db36101453ba5c426445ca5bf20f6b71,0.0,2024-05-02
0xb6ca415fc42b3f96641d14280c3f3a0f078e50e5,0.0,2024-05-02
0xa2c669dc868be0a2a8d6c0ad715e17f45035ba76,0.0,2024-05-02
0x62060879dfbb6def3b73cfc48f1f0595c0fed505,0.0,2024-05-02
0x4d8c9c2cd8846533967b07becfc437542196ad6a,0.0,2024-05-02
0x47ecd8e9f8f299ce47e3ab891a874707d70a3af9,0.0,2024-05-02
0x475efac48a0a18660a7a26ee6bd5febf466930f8,0.0,2024-05-02
0x36124cee63ae786eea41bda0fb61b1b946e4c08c,0.0,2024-05-02
0x2070cd766ba0d258081c0d3d027461dd3f6d2fa3,0.0,2024-05-02
0x1dd6c65e6e22f196d5c2209f439d1f07d02ba7a4,0.0,2024-05-02
0x1d71861f54aa6e63add5acfc70e0e4ba9fd9f259,0.0,2024-05-02
0x117b58cc89156b48c302aaa4832a19c1c1aa124c,0.0,2024-05-02
0xb335e8b70f95f28e79acf58491751f83b0050888,20013.1178,2024-05-01
0xb18680092734394295d0591bb42f2bd3c184517e,12317.9788,2024-05-01
0x7938b304f1c28e85b6a021251c8ceeff20370f38,12038.694,2024-05-01
0x5fac03e07447c1a3f4ad9a5f778f23c9e1fc4255,9000.0,2024-05-01
0xa346c2eea05bb32c986ff755b2f19d2f0ba8d14c,8600.0,2024-05-01
0x69b576a7e193a15a570ee5bb2149deb3f03537a2,8100.5285,2024-05-01
0xfe61acc408b63a5a03507a224398fa1fe8143f28,8078.7433,2024-05-01
0x445cb6c63c502fdbebd1b273f6aea1aad691e0aa,8011.5476,2024-05-01
0x58dc40b5f9f0758ee43b0a208fe362c90fdfad4d,8001.0031,2024-05-01
0xde08aef2b221274231b3547491ec8f0fc80917e1,8000.005,2024-05-01
0x911682cb21d7e5bdc75544fb1fcf0fb8e9635acf,2778.0,2024-05-01
0xeb1764cc9577c52f430794e9044f64f1c49dd395,900.3696,2024-05-01
0xc9c17ee58810172622b43b09c9c9ff31e50f5179,500.0,2024-05-01
0x45c52826efa13a6de713528bf42b520c9fa50081,56.3744,2024-05-01
0xfbec297af3f4925966ab295a0771c420a9e85e08,32.3815,2024-05-01
0x8ea48c2264f1e5998c3ab3df3037903f8fae0caa,4.172,2024-05-01
0x452a7626f587d6811509dc071768168ea763ea3c,2.0,2024-05-01
0x5b0a4932dc9e253f9b15fd69f07b68e9874ea794,0.5262,2024-05-01
0xab3fd902e4dad36c6b31e3954a8de14dd829533c,0.5153,2024-05-01
0x644c092a5ccafc425ebf133123299a6397ae97d9,0.5,2024-05-01
0x5b4870014313c808c374f8ed1ab5b78813eb9c7f,0.5,2024-05-01
0x51f3067cb6a1185d1e8316332921d9501fc4c006,0.5,2024-05-01
0x3200c191cc245b3e2de3fd3b3087104f3f313f57,0.5,2024-05-01
0xb086ec4303dc1514c09618c6c68ee444d6eee041,0.2,2024-05-01
0x204a2b6ab6a675d1f82634f92799ced2bdd641a2,0.0506,2024-05-01
0x952dc79bcee652aad8cc9268d9c614fa166d0c1d,0.0111,2024-05-01
0xdbb451bfd4e6e461caa2c8bf0dc83346a211c29c,0.0,2024-05-01
0xd277aa6c915955a93ca5711bc9c92233042de7a7,0.0,2024-05-01
0xc739914c461e0a58c460d5cacb764e7eb95b27fc,0.0,2024-05-01
0xc241a035bc98128ac3983812a67dfc52ddeae09a,0.0,2024-05-01
0xc1a1bdb7d60b7cb3920787a15a2b583786c52fb6,0.0,2024-05-01
0xc0e23144db36101453ba5c426445ca5bf20f6b71,0.0,2024-05-01
0xb6ca415fc42b3f96641d14280c3f3a0f078e50e5,0.0,2024-05-01
0xa2c669dc868be0a2a8d6c0ad715e17f45035ba76,0.0,2024-05-01
0x62060879dfbb6def3b73cfc48f1f0595c0fed505,0.0,2024-05-01
0x4d8c9c2cd8846533967b07becfc437542196ad6a,0.0,2024-05-01
0x47ecd8e9f8f299ce47e3ab891a874707d70a3af9,0.0,2024-05-01
0x475efac48a0a18660a7a26ee6bd5febf466930f8,0.0,2024-05-01
0x36124cee63ae786eea41bda0fb61b1b946e4c08c,0.0,2024-05-01
0x2070cd766ba0d258081c0d3d027461dd3f6d2fa3,0.0,2024-05-01
0x1dd6c65e6e22f196d5c2209f439d1f07d02ba7a4,0.0,2024-05-01
0x1d71861f54aa6e63add5acfc70e0e4ba9fd9f259,0.0,2024-05-01
0x117b58cc89156b48c302aaa4832a19c1c1aa124c,0.0,2024-05-01
