contract,sky,date
0x173a1c04b79ed9266721c1154daa29addc0b9558,2449847486.1025987,2025-06-30
0x0f23de72e1581857eacd6308aebb69cf3a49cc86,2122609346.1507835,2025-06-30
0xfc48fbca739079aab08216c4d5e506b96593753d,954360094.1787525,2025-06-30
0x550e5ec00b9d26a3517ce772ddfe73e8ed1672ad,382687013.39209545,2025-06-30
0xe01684b17df0abbdaf97839277b194be4e1a7e79,29770463.521744706,2025-06-30
0x4bed44a9839b8778f69bb6a6d9f843414377ae90,28660134.520263862,2025-06-30
0x555230eca835a808518ec3ea3082f05502bab850,17780822.16589569,2025-06-30
0xff7615e05ec1c8d5ded24ab50bf74432666bee2f,7550663.904027194,2025-06-30
0xead02d18529c10eedd995f760fdf5e380ddf3da6,3341050.9294772893,2025-06-30
0xd260762e442ea1893e5ed5e7d28984e19aafbf5e,334162.77911151556,2025-06-30
0x2c89024c13a80bc1b662a3db990524652c15221c,3179.9250616820254,2025-06-30
0x5d4a96afadb5505a8ff21ddeca2baf3a63301396,0.0,2025-06-30
0x173a1c04b79ed9266721c1154daa29addc0b9558,2556547908.7611775,2025-06-29
0x0f23de72e1581857eacd6308aebb69cf3a49cc86,2122057328.8414845,2025-06-29
0xfc48fbca739079aab08216c4d5e506b96593753d,952859542.8765305,2025-06-29
0x550e5ec00b9d26a3517ce772ddfe73e8ed1672ad,382709079.580139,2025-06-29
0xe01684b17df0abbdaf97839277b194be4e1a7e79,34196313.771197915,2025-06-29
0x4bed44a9839b8778f69bb6a6d9f843414377ae90,28842064.520263862,2025-06-29
0x555230eca835a808518ec3ea3082f05502bab850,17752135.96237569,2025-06-29
0xead02d18529c10eedd995f760fdf5e380ddf3da6,3341050.9294772893,2025-06-29
0xff7615e05ec1c8d5ded24ab50bf74432666bee2f,2976290.261541744,2025-06-29
0xd260762e442ea1893e5ed5e7d28984e19aafbf5e,334162.77911151556,2025-06-29
0x2c89024c13a80bc1b662a3db990524652c15221c,3179.9250616820254,2025-06-29
0x5d4a96afadb5505a8ff21ddeca2baf3a63301396,0.0,2025-06-29
0x173a1c04b79ed9266721c1154daa29addc0b9558,2556212428.6446304,2025-06-28
0x0f23de72e1581857eacd6308aebb69cf3a49cc86,2122057328.8414845,2025-06-28
0xfc48fbca739079aab08216c4d5e506b96593753d,952696072.7729362,2025-06-28
0x550e5ec00b9d26a3517ce772ddfe73e8ed1672ad,382687013.39209545,2025-06-28
0xe01684b17df0abbdaf97839277b194be4e1a7e79,33063674.608867504,2025-06-28
0x4bed44a9839b8778f69bb6a6d9f843414377ae90,28839924.37224541,2025-06-28
0x555230eca835a808518ec3ea3082f05502bab850,17752135.96237569,2025-06-28
0xff7615e05ec1c8d5ded24ab50bf74432666bee2f,3888612.218555035,2025-06-28
0xead02d18529c10eedd995f760fdf5e380ddf3da6,3341050.9294772893,2025-06-28
0xd260762e442ea1893e5ed5e7d28984e19aafbf5e,334162.77911151556,2025-06-28
0x2c89024c13a80bc1b662a3db990524652c15221c,3179.9250616820254,2025-06-28
0x5d4a96afadb5505a8ff21ddeca2baf3a63301396,0.0,2025-06-28
0x173a1c04b79ed9266721c1154daa29addc0b9558,2555298787.1439195,2025-06-27
0x0f23de72e1581857eacd6308aebb69cf3a49cc86,2120218465.3234456,2025-06-27
0xfc48fbca739079aab08216c4d5e506b96593753d,952696072.7729362,2025-06-27
0x550e5ec00b9d26a3517ce772ddfe73e8ed1672ad,382584568.18284553,2025-06-27
0xe01684b17df0abbdaf97839277b194be4e1a7e79,33063674.608867504,2025-06-27
0x4bed44a9839b8778f69bb6a6d9f843414377ae90,28839924.37224541,2025-06-27
0x555230eca835a808518ec3ea3082f05502bab850,17752135.96237569,2025-06-27
0xff7615e05ec1c8d5ded24ab50bf74432666bee2f,3888612.218555035,2025-06-27
0xead02d18529c10eedd995f760fdf5e380ddf3da6,3341050.9294772893,2025-06-27
0xd260762e442ea1893e5ed5e7d28984e19aafbf5e,334162.77911151556,2025-06-27
0x5d4a96afadb5505a8ff21ddeca2baf3a63301396,0.0,2025-06-27
0x2c89024c13a80bc1b662a3db990524652c15221c,0.0,2025-06-27
0x173a1c04b79ed9266721c1154daa29addc0b9558,2529937122.314913,2025-06-26
0x0f23de72e1581857eacd6308aebb69cf3a49cc86,2117884957.9378455,2025-06-26
0xfc48fbca739079aab08216c4d5e506b96593753d,952404160.7729362,2025-06-26
0x550e5ec00b9d26a3517ce772ddfe73e8ed1672ad,382559419.30284554,2025-06-26
0xe01684b17df0abbdaf97839277b194be4e1a7e79,33037502.118085522,2025-06-26
0x4bed44a9839b8778f69bb6a6d9f843414377ae90,28832770.29504541,2025-06-26
0x555230eca835a808518ec3ea3082f05502bab850,17752135.96237569,2025-06-26
0xead02d18529c10eedd995f760fdf5e380ddf3da6,3325338.3516878346,2025-06-26
0xff7615e05ec1c8d5ded24ab50bf74432666bee2f,2777675.143855606,2025-06-26
0xd260762e442ea1893e5ed5e7d28984e19aafbf5e,334162.77911151556,2025-06-26
0x5d4a96afadb5505a8ff21ddeca2baf3a63301396,0.0,2025-06-26
0x2c89024c13a80bc1b662a3db990524652c15221c,0.0,2025-06-26
0x173a1c04b79ed9266721c1154daa29addc0b9558,2524186405.6464424,2025-06-25
0x0f23de72e1581857eacd6308aebb69cf3a49cc86,2117419758.490555,2025-06-25
0xfc48fbca739079aab08216c4d5e506b96593753d,952141811.3369523,2025-06-25
0x550e5ec00b9d26a3517ce772ddfe73e8ed1672ad,382559419.30284554,2025-06-25
0xe01684b17df0abbdaf97839277b194be4e1a7e79,32974392.691155497,2025-06-25
0x4bed44a9839b8778f69bb6a6d9f843414377ae90,28832770.29504541,2025-06-25
0x555230eca835a808518ec3ea3082f05502bab850,17752135.96237569,2025-06-25
0xead02d18529c10eedd995f760fdf5e380ddf3da6,3325338.3516878346,2025-06-25
0xff7615e05ec1c8d5ded24ab50bf74432666bee2f,2777675.143855606,2025-06-25
0xd260762e442ea1893e5ed5e7d28984e19aafbf5e,334162.77911151556,2025-06-25
0x5d4a96afadb5505a8ff21ddeca2baf3a63301396,0.0,2025-06-25
0x2c89024c13a80bc1b662a3db990524652c15221c,0.0,2025-06-25
0x173a1c04b79ed9266721c1154daa29addc0b9558,2523885792.209638,2025-06-24
0x0f23de72e1581857eacd6308aebb69cf3a49cc86,2117608692.9144094,2025-06-24
0xfc48fbca739079aab08216c4d5e506b96593753d,952097816.832581,2025-06-24
0x550e5ec00b9d26a3517ce772ddfe73e8ed1672ad,382559419.30284554,2025-06-24
0xe01684b17df0abbdaf97839277b194be4e1a7e79,32834974.571890898,2025-06-24
0x4bed44a9839b8778f69bb6a6d9f843414377ae90,28832770.29504541,2025-06-24
0x555230eca835a808518ec3ea3082f05502bab850,17752135.96237569,2025-06-24
0xead02d18529c10eedd995f760fdf5e380ddf3da6,3325338.3516878346,2025-06-24
0xff7615e05ec1c8d5ded24ab50bf74432666bee2f,2674156.5532223764,2025-06-24
0xd260762e442ea1893e5ed5e7d28984e19aafbf5e,334162.77911151556,2025-06-24
0x5d4a96afadb5505a8ff21ddeca2baf3a63301396,0.0,2025-06-24
0x2c89024c13a80bc1b662a3db990524652c15221c,0.0,2025-06-24
0x173a1c04b79ed9266721c1154daa29addc0b9558,2524322003.2210946,2025-06-23
0x0f23de72e1581857eacd6308aebb69cf3a49cc86,2117381303.191288,2025-06-23
0xfc48fbca739079aab08216c4d5e506b96593753d,952117809.631081,2025-06-23
0x550e5ec00b9d26a3517ce772ddfe73e8ed1672ad,382559419.30284554,2025-06-23
0xe01684b17df0abbdaf97839277b194be4e1a7e79,31988432.122592192,2025-06-23
0x4bed44a9839b8778f69bb6a6d9f843414377ae90,28832770.29504541,2025-06-23
0x555230eca835a808518ec3ea3082f05502bab850,17752135.96237569,2025-06-23
0xead02d18529c10eedd995f760fdf5e380ddf3da6,3325338.3516878346,2025-06-23
0xff7615e05ec1c8d5ded24ab50bf74432666bee2f,2674156.5532223764,2025-06-23
0xd260762e442ea1893e5ed5e7d28984e19aafbf5e,334162.77911151556,2025-06-23
0x5d4a96afadb5505a8ff21ddeca2baf3a63301396,0.0,2025-06-23
0x2c89024c13a80bc1b662a3db990524652c15221c,0.0,2025-06-23
0x173a1c04b79ed9266721c1154daa29addc0b9558,2522370817.315011,2025-06-22
0x0f23de72e1581857eacd6308aebb69cf3a49cc86,2108518002.714363,2025-06-22
0xfc48fbca739079aab08216c4d5e506b96593753d,952075703.8528298,2025-06-22
0x550e5ec00b9d26a3517ce772ddfe73e8ed1672ad,382532837.62864554,2025-06-22
0xe01684b17df0abbdaf97839277b194be4e1a7e79,31988432.122592192,2025-06-22
0x4bed44a9839b8778f69bb6a6d9f843414377ae90,28832770.29504541,2025-06-22
0x555230eca835a808518ec3ea3082f05502bab850,17323228.48429569,2025-06-22
0xead02d18529c10eedd995f760fdf5e380ddf3da6,3325338.3516878346,2025-06-22
0xff7615e05ec1c8d5ded24ab50bf74432666bee2f,2660641.6732223765,2025-06-22
0xd260762e442ea1893e5ed5e7d28984e19aafbf5e,334162.77911151556,2025-06-22
0x5d4a96afadb5505a8ff21ddeca2baf3a63301396,0.0,2025-06-22
0x2c89024c13a80bc1b662a3db990524652c15221c,0.0,2025-06-22
0x173a1c04b79ed9266721c1154daa29addc0b9558,2514075065.6539507,2025-06-21
0x0f23de72e1581857eacd6308aebb69cf3a49cc86,2108615833.7290888,2025-06-21
0xfc48fbca739079aab08216c4d5e506b96593753d,951977391.3084977,2025-06-21
0x550e5ec00b9d26a3517ce772ddfe73e8ed1672ad,382532837.62864554,2025-06-21
0xe01684b17df0abbdaf97839277b194be4e1a7e79,30929989.305382747,2025-06-21
0x4bed44a9839b8778f69bb6a6d9f843414377ae90,28832770.29504541,2025-06-21
0x555230eca835a808518ec3ea3082f05502bab850,17323228.48429569,2025-06-21
0xead02d18529c10eedd995f760fdf5e380ddf3da6,3325338.3516878346,2025-06-21
0xff7615e05ec1c8d5ded24ab50bf74432666bee2f,2657141.6732223765,2025-06-21
0xd260762e442ea1893e5ed5e7d28984e19aafbf5e,334162.77911151556,2025-06-21
0x5d4a96afadb5505a8ff21ddeca2baf3a63301396,0.0,2025-06-21
0x2c89024c13a80bc1b662a3db990524652c15221c,0.0,2025-06-21
0x173a1c04b79ed9266721c1154daa29addc0b9558,2513942423.337628,2025-06-20
0x0f23de72e1581857eacd6308aebb69cf3a49cc86,2108116860.60198,2025-06-20
0xfc48fbca739079aab08216c4d5e506b96593753d,952485834.1613091,2025-06-20
0x550e5ec00b9d26a3517ce772ddfe73e8ed1672ad,382529140.10759944,2025-06-20
0xe01684b17df0abbdaf97839277b194be4e1a7e79,30929989.305382747,2025-06-20
0x4bed44a9839b8778f69bb6a6d9f843414377ae90,28831130.836761866,2025-06-20
0x555230eca835a808518ec3ea3082f05502bab850,17323228.48429569,2025-06-20
0xead02d18529c10eedd995f760fdf5e380ddf3da6,3325338.3516878346,2025-06-20
0xff7615e05ec1c8d5ded24ab50bf74432666bee2f,2657141.6732223765,2025-06-20
0xd260762e442ea1893e5ed5e7d28984e19aafbf5e,334162.77911151556,2025-06-20
0x5d4a96afadb5505a8ff21ddeca2baf3a63301396,0.0,2025-06-20
0x2c89024c13a80bc1b662a3db990524652c15221c,0.0,2025-06-20
0x173a1c04b79ed9266721c1154daa29addc0b9558,2513704745.2810726,2025-06-19
0x0f23de72e1581857eacd6308aebb69cf3a49cc86,2107896925.9443974,2025-06-19
0xfc48fbca739079aab08216c4d5e506b96593753d,952383411.7497874,2025-06-19
0x550e5ec00b9d26a3517ce772ddfe73e8ed1672ad,382529140.10759944,2025-06-19
0xe01684b17df0abbdaf97839277b194be4e1a7e79,30925510.638396967,2025-06-19
0x4bed44a9839b8778f69bb6a6d9f843414377ae90,28831130.836761866,2025-06-19
0x555230eca835a808518ec3ea3082f05502bab850,17322289.48429569,2025-06-19
0xead02d18529c10eedd995f760fdf5e380ddf3da6,3325338.3516878346,2025-06-19
0xff7615e05ec1c8d5ded24ab50bf74432666bee2f,2652141.6732223765,2025-06-19
0xd260762e442ea1893e5ed5e7d28984e19aafbf5e,334162.77911151556,2025-06-19
0x5d4a96afadb5505a8ff21ddeca2baf3a63301396,0.0,2025-06-19
0x2c89024c13a80bc1b662a3db990524652c15221c,0.0,2025-06-19
0x173a1c04b79ed9266721c1154daa29addc0b9558,2513301229.8249545,2025-06-18
0x0f23de72e1581857eacd6308aebb69cf3a49cc86,2105494428.0113297,2025-06-18
0xfc48fbca739079aab08216c4d5e506b96593753d,952365315.368161,2025-06-18
0x550e5ec00b9d26a3517ce772ddfe73e8ed1672ad,382406609.4282929,2025-06-18
0xe01684b17df0abbdaf97839277b194be4e1a7e79,30866979.469136663,2025-06-18
0x4bed44a9839b8778f69bb6a6d9f843414377ae90,28831130.836761866,2025-06-18
0x555230eca835a808518ec3ea3082f05502bab850,17322289.48429569,2025-06-18
0xead02d18529c10eedd995f760fdf5e380ddf3da6,3325338.3516878346,2025-06-18
0xff7615e05ec1c8d5ded24ab50bf74432666bee2f,2602141.6732223765,2025-06-18
0xd260762e442ea1893e5ed5e7d28984e19aafbf5e,334162.77911151556,2025-06-18
0x5d4a96afadb5505a8ff21ddeca2baf3a63301396,0.0,2025-06-18
0x2c89024c13a80bc1b662a3db990524652c15221c,0.0,2025-06-18
0x173a1c04b79ed9266721c1154daa29addc0b9558,2501923467.778771,2025-06-17
0x0f23de72e1581857eacd6308aebb69cf3a49cc86,2105494428.0113297,2025-06-17
0xfc48fbca739079aab08216c4d5e506b96593753d,952347348.4992197,2025-06-17
0x550e5ec00b9d26a3517ce772ddfe73e8ed1672ad,382382386.4875232,2025-06-17
0xe01684b17df0abbdaf97839277b194be4e1a7e79,30866979.469136663,2025-06-17
0x4bed44a9839b8778f69bb6a6d9f843414377ae90,28831130.836761866,2025-06-17
0x555230eca835a808518ec3ea3082f05502bab850,16912413.847271655,2025-06-17
0xff7615e05ec1c8d5ded24ab50bf74432666bee2f,3726704.6657223767,2025-06-17
0xead02d18529c10eedd995f760fdf5e380ddf3da6,3325338.3516878346,2025-06-17
0xd260762e442ea1893e5ed5e7d28984e19aafbf5e,334162.77911151556,2025-06-17
0x5d4a96afadb5505a8ff21ddeca2baf3a63301396,0.0,2025-06-17
0x2c89024c13a80bc1b662a3db990524652c15221c,0.0,2025-06-17
0x173a1c04b79ed9266721c1154daa29addc0b9558,2501775972.2513556,2025-06-16
0x0f23de72e1581857eacd6308aebb69cf3a49cc86,2104813493.0715077,2025-06-16
0xfc48fbca739079aab08216c4d5e506b96593753d,952232903.4424303,2025-06-16
0x550e5ec00b9d26a3517ce772ddfe73e8ed1672ad,382365360.8875232,2025-06-16
0xe01684b17df0abbdaf97839277b194be4e1a7e79,30826616.721488718,2025-06-16
0x4bed44a9839b8778f69bb6a6d9f843414377ae90,28826320.291612122,2025-06-16
0x555230eca835a808518ec3ea3082f05502bab850,16912413.847271655,2025-06-16
0xff7615e05ec1c8d5ded24ab50bf74432666bee2f,3681883.444122377,2025-06-16
0xead02d18529c10eedd995f760fdf5e380ddf3da6,3325338.3516878346,2025-06-16
0xd260762e442ea1893e5ed5e7d28984e19aafbf5e,334162.77911151556,2025-06-16
0x5d4a96afadb5505a8ff21ddeca2baf3a63301396,0.0,2025-06-16
0x2c89024c13a80bc1b662a3db990524652c15221c,0.0,2025-06-16
0x173a1c04b79ed9266721c1154daa29addc0b9558,2498745330.9336615,2025-06-15
0x0f23de72e1581857eacd6308aebb69cf3a49cc86,2100774903.1956778,2025-06-15
0xfc48fbca739079aab08216c4d5e506b96593753d,952170372.8111782,2025-06-15
0x550e5ec00b9d26a3517ce772ddfe73e8ed1672ad,380534381.6341338,2025-06-15
0x555230eca835a808518ec3ea3082f05502bab850,37742872.41803696,2025-06-15
0xe01684b17df0abbdaf97839277b194be4e1a7e79,30861262.70897231,2025-06-15
0x4bed44a9839b8778f69bb6a6d9f843414377ae90,28826320.291612122,2025-06-15
0xff7615e05ec1c8d5ded24ab50bf74432666bee2f,3491416.271866281,2025-06-15
0xead02d18529c10eedd995f760fdf5e380ddf3da6,3325338.3516878346,2025-06-15
0xd260762e442ea1893e5ed5e7d28984e19aafbf5e,334162.77911151556,2025-06-15
0x5d4a96afadb5505a8ff21ddeca2baf3a63301396,0.0,2025-06-15
0x2c89024c13a80bc1b662a3db990524652c15221c,0.0,2025-06-15
0x173a1c04b79ed9266721c1154daa29addc0b9558,2499652121.659749,2025-06-14
0x0f23de72e1581857eacd6308aebb69cf3a49cc86,2100421314.4241414,2025-06-14
0xfc48fbca739079aab08216c4d5e506b96593753d,952157241.2766982,2025-06-14
0x550e5ec00b9d26a3517ce772ddfe73e8ed1672ad,380524395.688416,2025-06-14
0x555230eca835a808518ec3ea3082f05502bab850,37742872.41803696,2025-06-14
0x4bed44a9839b8778f69bb6a6d9f843414377ae90,28824411.686647385,2025-06-14
0xe01684b17df0abbdaf97839277b194be4e1a7e79,28397133.04913821,2025-06-14
0xff7615e05ec1c8d5ded24ab50bf74432666bee2f,3483665.2364130327,2025-06-14
0xead02d18529c10eedd995f760fdf5e380ddf3da6,3325338.3516878346,2025-06-14
0xd260762e442ea1893e5ed5e7d28984e19aafbf5e,334162.77911151556,2025-06-14
0x5d4a96afadb5505a8ff21ddeca2baf3a63301396,0.0,2025-06-14
0x2c89024c13a80bc1b662a3db990524652c15221c,0.0,2025-06-14
0x173a1c04b79ed9266721c1154daa29addc0b9558,2498233125.733573,2025-06-13
0x0f23de72e1581857eacd6308aebb69cf3a49cc86,2099363321.8548248,2025-06-13
0xfc48fbca739079aab08216c4d5e506b96593753d,952021180.4892609,2025-06-13
0x550e5ec00b9d26a3517ce772ddfe73e8ed1672ad,380522433.504576,2025-06-13
0x555230eca835a808518ec3ea3082f05502bab850,37620433.97280374,2025-06-13
0xe01684b17df0abbdaf97839277b194be4e1a7e79,28334958.355138212,2025-06-13
0x4bed44a9839b8778f69bb6a6d9f843414377ae90,26345691.686647385,2025-06-13
0xff7615e05ec1c8d5ded24ab50bf74432666bee2f,5938385.236413033,2025-06-13
0xead02d18529c10eedd995f760fdf5e380ddf3da6,3325338.3516878346,2025-06-13
0xd260762e442ea1893e5ed5e7d28984e19aafbf5e,334162.77911151556,2025-06-13
0x5d4a96afadb5505a8ff21ddeca2baf3a63301396,0.0,2025-06-13
0x2c89024c13a80bc1b662a3db990524652c15221c,0.0,2025-06-13
0x173a1c04b79ed9266721c1154daa29addc0b9558,2494689864.5085955,2025-06-12
0x0f23de72e1581857eacd6308aebb69cf3a49cc86,2102997112.7965615,2025-06-12
0xfc48fbca739079aab08216c4d5e506b96593753d,951699212.0853577,2025-06-12
0x550e5ec00b9d26a3517ce772ddfe73e8ed1672ad,380522433.504576,2025-06-12
0x555230eca835a808518ec3ea3082f05502bab850,37588892.830487125,2025-06-12
0x4bed44a9839b8778f69bb6a6d9f843414377ae90,26345691.686647385,2025-06-12
0xe01684b17df0abbdaf97839277b194be4e1a7e79,23763799.91891482,2025-06-12
0xff7615e05ec1c8d5ded24ab50bf74432666bee2f,5938385.236413033,2025-06-12
0xead02d18529c10eedd995f760fdf5e380ddf3da6,3325338.3516878346,2025-06-12
0xd260762e442ea1893e5ed5e7d28984e19aafbf5e,334162.77911151556,2025-06-12
0x5d4a96afadb5505a8ff21ddeca2baf3a63301396,0.0,2025-06-12
0x2c89024c13a80bc1b662a3db990524652c15221c,0.0,2025-06-12
0x173a1c04b79ed9266721c1154daa29addc0b9558,2489887910.653767,2025-06-11
0x0f23de72e1581857eacd6308aebb69cf3a49cc86,2101100415.2149506,2025-06-11
0xfc48fbca739079aab08216c4d5e506b96593753d,950976454.3227117,2025-06-11
0x550e5ec00b9d26a3517ce772ddfe73e8ed1672ad,380522433.504576,2025-06-11
0x555230eca835a808518ec3ea3082f05502bab850,37588892.830487125,2025-06-11
0x4bed44a9839b8778f69bb6a6d9f843414377ae90,29287328.997695304,2025-06-11
0xe01684b17df0abbdaf97839277b194be4e1a7e79,23616261.66243616,2025-06-11
0xff7615e05ec1c8d5ded24ab50bf74432666bee2f,4651162.63217348,2025-06-11
0xead02d18529c10eedd995f760fdf5e380ddf3da6,3276143.2623278345,2025-06-11
0xd260762e442ea1893e5ed5e7d28984e19aafbf5e,334162.77911151556,2025-06-11
0x5d4a96afadb5505a8ff21ddeca2baf3a63301396,0.0,2025-06-11
0x2c89024c13a80bc1b662a3db990524652c15221c,0.0,2025-06-11
0x173a1c04b79ed9266721c1154daa29addc0b9558,2489995448.243541,2025-06-10
0x0f23de72e1581857eacd6308aebb69cf3a49cc86,2101080777.464195,2025-06-10
0xfc48fbca739079aab08216c4d5e506b96593753d,950882238.9033462,2025-06-10
0x550e5ec00b9d26a3517ce772ddfe73e8ed1672ad,380472359.483856,2025-06-10
0x4bed44a9839b8778f69bb6a6d9f843414377ae90,29230541.61986686,2025-06-10
0xe01684b17df0abbdaf97839277b194be4e1a7e79,22744824.70383986,2025-06-10
0x555230eca835a808518ec3ea3082f05502bab850,15980521.049310047,2025-06-10
0xff7615e05ec1c8d5ded24ab50bf74432666bee2f,4530802.881053479,2025-06-10
0xead02d18529c10eedd995f760fdf5e380ddf3da6,3276143.2623278345,2025-06-10
0xd260762e442ea1893e5ed5e7d28984e19aafbf5e,327499.77911151556,2025-06-10
0x5d4a96afadb5505a8ff21ddeca2baf3a63301396,0.0,2025-06-10
0x2c89024c13a80bc1b662a3db990524652c15221c,0.0,2025-06-10
0x173a1c04b79ed9266721c1154daa29addc0b9558,2482018563.966233,2025-06-09
0x0f23de72e1581857eacd6308aebb69cf3a49cc86,2042517722.8151588,2025-06-09
0xfc48fbca739079aab08216c4d5e506b96593753d,946235435.8941354,2025-06-09
0x550e5ec00b9d26a3517ce772ddfe73e8ed1672ad,380472092.6695014,2025-06-09
0x4bed44a9839b8778f69bb6a6d9f843414377ae90,29630541.61986686,2025-06-09
0xe01684b17df0abbdaf97839277b194be4e1a7e79,22721112.018081315,2025-06-09
0x555230eca835a808518ec3ea3082f05502bab850,15980521.049310047,2025-06-09
0xff7615e05ec1c8d5ded24ab50bf74432666bee2f,3867257.2451087185,2025-06-09
0xead02d18529c10eedd995f760fdf5e380ddf3da6,3276143.2623278345,2025-06-09
0xd260762e442ea1893e5ed5e7d28984e19aafbf5e,327499.77911151556,2025-06-09
0x5d4a96afadb5505a8ff21ddeca2baf3a63301396,0.0,2025-06-09
0x2c89024c13a80bc1b662a3db990524652c15221c,0.0,2025-06-09
0x173a1c04b79ed9266721c1154daa29addc0b9558,2481682518.4479737,2025-06-08
0x0f23de72e1581857eacd6308aebb69cf3a49cc86,2042507930.890359,2025-06-08
0xfc48fbca739079aab08216c4d5e506b96593753d,946178038.7973973,2025-06-08
0x550e5ec00b9d26a3517ce772ddfe73e8ed1672ad,380265183.75417876,2025-06-08
0x4bed44a9839b8778f69bb6a6d9f843414377ae90,29628541.61986686,2025-06-08
0xe01684b17df0abbdaf97839277b194be4e1a7e79,22682361.712595258,2025-06-08
0x555230eca835a808518ec3ea3082f05502bab850,15756521.049310047,2025-06-08
0xff7615e05ec1c8d5ded24ab50bf74432666bee2f,3852708.945586159,2025-06-08
0xead02d18529c10eedd995f760fdf5e380ddf3da6,3276143.2623278345,2025-06-08
0xd260762e442ea1893e5ed5e7d28984e19aafbf5e,327499.77911151556,2025-06-08
0x5d4a96afadb5505a8ff21ddeca2baf3a63301396,0.0,2025-06-08
0x2c89024c13a80bc1b662a3db990524652c15221c,0.0,2025-06-08
0x173a1c04b79ed9266721c1154daa29addc0b9558,2467943458.107106,2025-06-07
0x0f23de72e1581857eacd6308aebb69cf3a49cc86,2043852127.7344968,2025-06-07
0xfc48fbca739079aab08216c4d5e506b96593753d,946104127.5094078,2025-06-07
0x550e5ec00b9d26a3517ce772ddfe73e8ed1672ad,380292364.20432466,2025-06-07
0x4bed44a9839b8778f69bb6a6d9f843414377ae90,29617880.66344124,2025-06-07
0xe01684b17df0abbdaf97839277b194be4e1a7e79,22618261.712595258,2025-06-07
0x555230eca835a808518ec3ea3082f05502bab850,15756521.049310047,2025-06-07
0xff7615e05ec1c8d5ded24ab50bf74432666bee2f,3545482.950460897,2025-06-07
0xead02d18529c10eedd995f760fdf5e380ddf3da6,3274943.2623278345,2025-06-07
0xd260762e442ea1893e5ed5e7d28984e19aafbf5e,299652.57911151554,2025-06-07
0x5d4a96afadb5505a8ff21ddeca2baf3a63301396,0.0,2025-06-07
0x2c89024c13a80bc1b662a3db990524652c15221c,0.0,2025-06-07
0x173a1c04b79ed9266721c1154daa29addc0b9558,2462796682.9145985,2025-06-06
0x0f23de72e1581857eacd6308aebb69cf3a49cc86,2043838006.2372043,2025-06-06
0xfc48fbca739079aab08216c4d5e506b96593753d,945984996.76427,2025-06-06
0x550e5ec00b9d26a3517ce772ddfe73e8ed1672ad,380021202.4703148,2025-06-06
0x4bed44a9839b8778f69bb6a6d9f843414377ae90,29617927.28014124,2025-06-06
0xe01684b17df0abbdaf97839277b194be4e1a7e79,22348990.527282152,2025-06-06
0x555230eca835a808518ec3ea3082f05502bab850,15756521.049310047,2025-06-06
0xff7615e05ec1c8d5ded24ab50bf74432666bee2f,3508833.4962649434,2025-06-06
0xead02d18529c10eedd995f760fdf5e380ddf3da6,2825229.9926278344,2025-06-06
0xd260762e442ea1893e5ed5e7d28984e19aafbf5e,299652.57911151554,2025-06-06
0x5d4a96afadb5505a8ff21ddeca2baf3a63301396,0.0,2025-06-06
0x2c89024c13a80bc1b662a3db990524652c15221c,0.0,2025-06-06
0x173a1c04b79ed9266721c1154daa29addc0b9558,2457408128.0020256,2025-06-05
0x0f23de72e1581857eacd6308aebb69cf3a49cc86,2042948269.8610642,2025-06-05
0xfc48fbca739079aab08216c4d5e506b96593753d,944028953.7647736,2025-06-05
0x550e5ec00b9d26a3517ce772ddfe73e8ed1672ad,379237858.63000005,2025-06-05
0x4bed44a9839b8778f69bb6a6d9f843414377ae90,29593127.640147362,2025-06-05
0xe01684b17df0abbdaf97839277b194be4e1a7e79,22160550.92969015,2025-06-05
0x555230eca835a808518ec3ea3082f05502bab850,15676728.19410899,2025-06-05
0xff7615e05ec1c8d5ded24ab50bf74432666bee2f,3507701.9078610684,2025-06-05
0xead02d18529c10eedd995f760fdf5e380ddf3da6,2433600.2717513097,2025-06-05
0xd260762e442ea1893e5ed5e7d28984e19aafbf5e,299652.57911151554,2025-06-05
0x5d4a96afadb5505a8ff21ddeca2baf3a63301396,0.0,2025-06-05
0x2c89024c13a80bc1b662a3db990524652c15221c,0.0,2025-06-05
0x173a1c04b79ed9266721c1154daa29addc0b9558,2442356568.1468687,2025-06-04
0x0f23de72e1581857eacd6308aebb69cf3a49cc86,2417381691.3366942,2025-06-04
0xfc48fbca739079aab08216c4d5e506b96593753d,942900329.3526943,2025-06-04
0x4bed44a9839b8778f69bb6a6d9f843414377ae90,29593127.640147362,2025-06-04
0xe01684b17df0abbdaf97839277b194be4e1a7e79,21797767.121207736,2025-06-04
0x555230eca835a808518ec3ea3082f05502bab850,15676728.19410899,2025-06-04
0xff7615e05ec1c8d5ded24ab50bf74432666bee2f,3322365.4423299446,2025-06-04
0xead02d18529c10eedd995f760fdf5e380ddf3da6,2432620.015101115,2025-06-04
0xd260762e442ea1893e5ed5e7d28984e19aafbf5e,1589320.2777120278,2025-06-04
0x5d4a96afadb5505a8ff21ddeca2baf3a63301396,0.0,2025-06-04
0x550e5ec00b9d26a3517ce772ddfe73e8ed1672ad,0.0,2025-06-04
0x2c89024c13a80bc1b662a3db990524652c15221c,0.0,2025-06-04
0x173a1c04b79ed9266721c1154daa29addc0b9558,2415431306.6757617,2025-06-03
0x0f23de72e1581857eacd6308aebb69cf3a49cc86,2390797669.0115275,2025-06-03
0xfc48fbca739079aab08216c4d5e506b96593753d,943197509.5625713,2025-06-03
0x4bed44a9839b8778f69bb6a6d9f843414377ae90,28054725.474383328,2025-06-03
0xe01684b17df0abbdaf97839277b194be4e1a7e79,21167192.621124957,2025-06-03
0xead02d18529c10eedd995f760fdf5e380ddf3da6,6213684.998240154,2025-06-03
0x555230eca835a808518ec3ea3082f05502bab850,3587723.762709565,2025-06-03
0xff7615e05ec1c8d5ded24ab50bf74432666bee2f,2574272.5325159202,2025-06-03
0xd260762e442ea1893e5ed5e7d28984e19aafbf5e,1589320.2777120278,2025-06-03
0x5d4a96afadb5505a8ff21ddeca2baf3a63301396,0.0,2025-06-03
0x550e5ec00b9d26a3517ce772ddfe73e8ed1672ad,0.0,2025-06-03
0x2c89024c13a80bc1b662a3db990524652c15221c,0.0,2025-06-03
0x173a1c04b79ed9266721c1154daa29addc0b9558,2395418068.2297254,2025-06-02
0x0f23de72e1581857eacd6308aebb69cf3a49cc86,2387525362.573888,2025-06-02
0xfc48fbca739079aab08216c4d5e506b96593753d,936332499.9088733,2025-06-02
0x4bed44a9839b8778f69bb6a6d9f843414377ae90,28676253.18148627,2025-06-02
0xe01684b17df0abbdaf97839277b194be4e1a7e79,20260487.693634935,2025-06-02
0xead02d18529c10eedd995f760fdf5e380ddf3da6,5765195.584882529,2025-06-02
0x555230eca835a808518ec3ea3082f05502bab850,3500363.762709565,2025-06-02
0xd260762e442ea1893e5ed5e7d28984e19aafbf5e,1388318.9298005123,2025-06-02
0xff7615e05ec1c8d5ded24ab50bf74432666bee2f,37.2975099217316,2025-06-02
0x5d4a96afadb5505a8ff21ddeca2baf3a63301396,0.0,2025-06-02
0x550e5ec00b9d26a3517ce772ddfe73e8ed1672ad,0.0,2025-06-02
0x2c89024c13a80bc1b662a3db990524652c15221c,0.0,2025-06-02
0x0f23de72e1581857eacd6308aebb69cf3a49cc86,2269425645.9921494,2025-06-01
0x173a1c04b79ed9266721c1154daa29addc0b9558,1817160640.956443,2025-06-01
0xfc48fbca739079aab08216c4d5e506b96593753d,1314210043.3944108,2025-06-01
0x4bed44a9839b8778f69bb6a6d9f843414377ae90,25343403.08918572,2025-06-01
0xe01684b17df0abbdaf97839277b194be4e1a7e79,7175920.022189089,2025-06-01
0xead02d18529c10eedd995f760fdf5e380ddf3da6,2587216.2227245225,2025-06-01
0xd260762e442ea1893e5ed5e7d28984e19aafbf5e,1388318.9298005123,2025-06-01
0x555230eca835a808518ec3ea3082f05502bab850,39.36873681668145,2025-06-01
0xff7615e05ec1c8d5ded24ab50bf74432666bee2f,37.2975099217316,2025-06-01
0x5d4a96afadb5505a8ff21ddeca2baf3a63301396,0.0,2025-06-01
0x550e5ec00b9d26a3517ce772ddfe73e8ed1672ad,0.0,2025-06-01
0x2c89024c13a80bc1b662a3db990524652c15221c,0.0,2025-06-01
